,HBA,HNA,TA,IA,BP,APAP,NDA,HQ,"4,4'-Sulfonyldiphenol",Bond Angle,pKa,Refractive index,Density,Complexity,Heavy Atom Count,Topological Polar Surface Area,Rotatable Bond Count,Hydrogen Bond Acceptor Count,Hydrogen Bond Donor Count,XLogP3,Molecular Weight,Thickness,Frequency(MHz),Q factor,Dk,Df,Melt Point,HDT (Â°C) @ 1.8MPa 
A950RX_1,0.73,0.27,0.0,0.0,0.0,0.0,0.0,0.0,0.0,171.9,4.4422,1.5086,1.3925,152.54,11.08,57.5,1.0,3.0,2,1.951,151.6362,0.85,9749.8481,5173.6,3.52008,0.00165,280.0,168.0
A950RX_2,0.73,0.27,0.0,0.0,0.0,0.0,0.0,0.0,0.0,171.9,4.4422,1.5086,1.3925,152.54,11.08,57.5,1.0,3.0,2,1.951,151.6362,0.85,9750.2115,5158.6,3.5164,0.00165,280.0,168.0
A950RX_3,0.73,0.27,0.0,0.0,0.0,0.0,0.0,0.0,0.0,171.9,4.4422,1.5086,1.3925,152.54,11.08,57.5,1.0,3.0,2,1.951,151.6362,0.83,9757.7115,5091.1,3.4991,0.00174,280.0,168.0
A950RX_4,0.73,0.27,0.0,0.0,0.0,0.0,0.0,0.0,0.0,171.9,4.4422,1.5086,1.3925,152.54,11.08,57.5,1.0,3.0,2,1.951,151.6362,0.83,9755.3415,5101.9,3.52364,0.00172,280.0,168.0
A950RX_5,0.73,0.27,0.0,0.0,0.0,0.0,0.0,0.0,0.0,171.9,4.4422,1.5086,1.3925,152.54,11.08,57.5,1.0,3.0,2,1.951,151.6362,0.78,9773.0215,5327.5,3.4899,0.00172,280.0,168.0
C950RX_1,0.793,0.2,0.007,0.0,0.0,0.0,0.0,0.0,0.0,174.0,4.44521,1.49635,1.41084,145.708,10.814,57.6197,1.007,3.007,2,1.8628,148.32807,0.82,9763.5615,5303.8,3.46814,0.00166,325.0,176.0
C950RX_2,0.793,0.2,0.007,0.0,0.0,0.0,0.0,0.0,0.0,174.0,4.44521,1.49635,1.41084,145.708,10.814,57.6197,1.007,3.007,2,1.8628,148.32807,0.81,9761.4175,5237.6,3.52121,0.00169,325.0,176.0
C950RX_3,0.793,0.2,0.007,0.0,0.0,0.0,0.0,0.0,0.0,174.0,4.44521,1.49635,1.41084,145.708,10.814,57.6197,1.007,3.007,2,1.8628,148.32807,0.84,9759.383,5276.5,3.45238,0.00164,325.0,176.0
C950RX_4,0.793,0.2,0.007,0.0,0.0,0.0,0.0,0.0,0.0,174.0,4.44521,1.49635,1.41084,145.708,10.814,57.6197,1.007,3.007,2,1.8628,148.32807,0.82,9762.9324,5308.5,3.47473,0.00166,325.0,176.0
C950RX_5,0.793,0.2,0.007,0.0,0.0,0.0,0.0,0.0,0.0,174.0,4.44521,1.49635,1.41084,145.708,10.814,57.6197,1.007,3.007,2,1.8628,148.32807,0.83,9760.5768,5252.1,3.46943,0.00167,325.0,176.0
G950RX_1,0.6,0.0,0.13,0.07,0.12,0.0,0.0,0.08,0.0,175.8,5.3889,1.50068,1.4412,131.292,10.72,57.52,1.12,3.0,2,1.819,147.252,0.82,9760.5684,3775.8,3.49391,0.00276,325.0,234.0
G950RX_2,0.6,0.0,0.13,0.07,0.12,0.0,0.0,0.08,0.0,175.8,5.3889,1.50068,1.4412,131.292,10.72,57.52,1.12,3.0,2,1.819,147.252,0.79,9769.5255,3924.1,3.49075,0.00272,325.0,234.0
G950RX_3,0.6,0.0,0.13,0.07,0.12,0.0,0.0,0.08,0.0,175.8,5.3889,1.50068,1.4412,131.292,10.72,57.52,1.12,3.0,2,1.819,147.252,0.82,9761.8255,3814.9,3.48074,0.00273,325.0,234.0
G950RX_4,0.6,0.0,0.13,0.07,0.12,0.0,0.0,0.08,0.0,175.8,5.3889,1.50068,1.4412,131.292,10.72,57.52,1.12,3.0,2,1.819,147.252,0.78,9774.847,3974.6,3.46391,0.00272,325.0,234.0
G950RX_5,0.6,0.0,0.13,0.07,0.12,0.0,0.0,0.08,0.0,175.8,5.3889,1.50068,1.4412,131.292,10.72,57.52,1.12,3.0,2,1.819,147.252,0.8,9770.347,3916.4,3.45093,0.00272,325.0,234.0
L950RX_1,0.56,0.09,0.175,0.0,0.125,0.05,0.0,0.0,0.0,177.3,5.23065,1.508625,1.415615,145.08,11.26,58.6575,1.225,3.0,2,1.962,154.1904,0.79,9767.7481,3946.1,3.51008,0.00268,305.0,200.0
L950RX_2,0.56,0.09,0.175,0.0,0.125,0.05,0.0,0.0,0.0,177.3,5.23065,1.508625,1.415615,145.08,11.26,58.6575,1.225,3.0,2,1.962,154.1904,0.81,9765.9894,3914.3,3.46705,0.00268,305.0,200.0
L950RX_3,0.56,0.09,0.175,0.0,0.125,0.05,0.0,0.0,0.0,177.3,5.23065,1.508625,1.415615,145.08,11.26,58.6575,1.225,3.0,2,1.962,154.1904,0.79,9769.9694,3961.2,3.48591,0.00269,305.0,200.0
L950RX_4,0.56,0.09,0.175,0.0,0.125,0.05,0.0,0.0,0.0,177.3,5.23065,1.508625,1.415615,145.08,11.26,58.6575,1.225,3.0,2,1.962,154.1904,0.79,9766.1894,3931.4,3.52702,0.00268,305.0,200.0
L950RX_5,0.56,0.09,0.175,0.0,0.125,0.05,0.0,0.0,0.0,177.3,5.23065,1.508625,1.415615,145.08,11.26,58.6575,1.225,3.0,2,1.962,154.1904,0.79,9766.6084,3952.8,3.52247,0.00267,305.0,200.0
J950SX_1,0.602,0.034,0.182,0.0,0.132,0.05,0.0,0.0,0.0,178.98,5.26852,1.499882,1.428775,139.816,11.078,58.6582,1.232,3.0,2,1.906,151.91974,0.84,9762.7753,3491.9,3.41219,0.00308,345.0,254.0
J950SX_2,0.602,0.034,0.182,0.0,0.132,0.05,0.0,0.0,0.0,178.98,5.26852,1.499882,1.428775,139.816,11.078,58.6582,1.232,3.0,2,1.906,151.91974,0.77,9782.5951,3728.0,3.40929,0.00307,345.0,254.0
J950SX_3,0.602,0.034,0.182,0.0,0.132,0.05,0.0,0.0,0.0,178.98,5.26852,1.499882,1.428775,139.816,11.078,58.6582,1.232,3.0,2,1.906,151.91974,0.81,9768.1618,3627.2,3.44399,0.003,345.0,254.0
J950SX_4,0.602,0.034,0.182,0.0,0.132,0.05,0.0,0.0,0.0,178.98,5.26852,1.499882,1.428775,139.816,11.078,58.6582,1.232,3.0,2,1.906,151.91974,0.81,9768.796,3555.7,3.43727,0.00309,345.0,254.0
J950SX_5,0.602,0.034,0.182,0.0,0.132,0.05,0.0,0.0,0.0,178.98,5.26852,1.499882,1.428775,139.816,11.078,58.6582,1.232,3.0,2,1.906,151.91974,0.77,9779.3943,3651.5,3.44501,0.00313,345.0,254.0
ZE5000_1,0.428,0.0,0.086,0.0,0.0,0.0,0.2,0.286,0.0,174.0,5.9174,1.563092,1.43828,137.5354,10.8,57.5286,1.0,3.0,2,1.5884,148.132,0.83,9778.492,5627.6,3.27829,0.00157,320.0,278.0
ZE5000_2,0.428,0.0,0.086,0.0,0.0,0.0,0.2,0.286,0.0,174.0,5.9174,1.563092,1.43828,137.5354,10.8,57.5286,1.0,3.0,2,1.5884,148.132,0.79,9785.6206,6082.7,3.31563,0.00142,320.0,278.0
ZE5000_3,0.428,0.0,0.086,0.0,0.0,0.0,0.2,0.286,0.0,174.0,5.9174,1.563092,1.43828,137.5354,10.8,57.5286,1.0,3.0,2,1.5884,148.132,0.8,9782.6206,5702.3,3.31905,0.00157,320.0,278.0
ZE5000_4,0.428,0.0,0.086,0.0,0.0,0.0,0.2,0.286,0.0,174.0,5.9174,1.563092,1.43828,137.5354,10.8,57.5286,1.0,3.0,2,1.5884,148.132,0.8,9784.4,6287.2,3.29991,0.00132,320.0,278.0
ZE5000_5,0.428,0.0,0.086,0.0,0.0,0.0,0.2,0.286,0.0,174.0,5.9174,1.563092,1.43828,137.5354,10.8,57.5286,1.0,3.0,2,1.5884,148.132,0.81,9776.46,6092.3,3.35592,0.00136,320.0,278.0
ZE6000_1,0.615,0.0,0.135,0.0,0.096,0.0,0.058,0.096,0.0,178.26,5.37171,1.511182,1.44204,134.4824,10.81,57.5363,1.097,3.001,2,1.8196,148.35709,0.81,9771.342,4956.0,3.41025,0.00191,334.0,253.0
ZE6000_2,0.615,0.0,0.135,0.0,0.096,0.0,0.058,0.096,0.0,178.26,5.37171,1.511182,1.44204,134.4824,10.81,57.5363,1.097,3.001,2,1.8196,148.35709,0.8,9772.186,4994.9,3.43118,0.0019,334.0,253.0
ZE6000_3,0.615,0.0,0.135,0.0,0.096,0.0,0.058,0.096,0.0,178.26,5.37171,1.511182,1.44204,134.4824,10.81,57.5363,1.097,3.001,2,1.8196,148.35709,0.8,9778.453,5053.9,3.36383,0.0019,334.0,253.0
ZE6000_4,0.615,0.0,0.135,0.0,0.096,0.0,0.058,0.096,0.0,178.26,5.37171,1.511182,1.44204,134.4824,10.81,57.5363,1.097,3.001,2,1.8196,148.35709,0.79,9776.539,5020.2,3.41445,0.00192,334.0,253.0
ZE6000_5,0.615,0.0,0.135,0.0,0.096,0.0,0.058,0.096,0.0,178.26,5.37171,1.511182,1.44204,134.4824,10.81,57.5363,1.097,3.001,2,1.8196,148.35709,0.79,9773.998,5029.7,3.4421,0.0019,334.0,253.0
ZE7000_1,0.615,0.0,0.164,0.0,0.096,0.0,0.029,0.096,0.0,179.13,5.36649,1.50544,1.44436,131.5824,10.694,57.5363,1.097,3.001,2,1.7964,146.90535,0.83,9769.898,4884.0,3.36735,0.00193,347.0,282.0
ZE7000_2,0.615,0.0,0.164,0.0,0.096,0.0,0.029,0.096,0.0,179.13,5.36649,1.50544,1.44436,131.5824,10.694,57.5363,1.097,3.001,2,1.7964,146.90535,0.81,9771.2175,3610.5,3.41156,0.00305,347.0,282.0
ZE7000_3,0.615,0.0,0.164,0.0,0.096,0.0,0.029,0.096,0.0,179.13,5.36649,1.50544,1.44436,131.5824,10.694,57.5363,1.097,3.001,2,1.7964,146.90535,0.8,9783.9065,5123.9,3.30522,0.00189,347.0,282.0
ZE7000_4,0.615,0.0,0.164,0.0,0.096,0.0,0.029,0.096,0.0,179.13,5.36649,1.50544,1.44436,131.5824,10.694,57.5363,1.097,3.001,2,1.7964,146.90535,0.85,9765.9765,4884.6,3.35153,0.0019,347.0,282.0
ZE7000_5,0.615,0.0,0.164,0.0,0.096,0.0,0.029,0.096,0.0,179.13,5.36649,1.50544,1.44436,131.5824,10.694,57.5363,1.097,3.001,2,1.7964,146.90535,0.82,9767.8855,4921.8,3.41721,0.0019,347.0,282.0
VX-127_1,0.02,0.48,0.0,0.0,0.25,0.0,0.25,0.0,0.0,158.1,5.5303,1.64365,1.29,214.96,14.42,57.525,1.25,3.0,2,3.024,193.6888,0.82,9758.3019,8300.5,3.52326,0.00065,328.0,234.0
VX-127_2,0.02,0.48,0.0,0.0,0.25,0.0,0.25,0.0,0.0,158.1,5.5303,1.64365,1.29,214.96,14.42,57.525,1.25,3.0,2,3.024,193.6888,0.83,9756.4987,8305.9,3.51166,0.00064,328.0,234.0
VX-127_3,0.02,0.48,0.0,0.0,0.25,0.0,0.25,0.0,0.0,158.1,5.5303,1.64365,1.29,214.96,14.42,57.525,1.25,3.0,2,3.024,193.6888,0.81,9771.6594,8403.8,3.41255,0.00066,328.0,234.0
VX-127_4,0.02,0.48,0.0,0.0,0.25,0.0,0.25,0.0,0.0,158.1,5.5303,1.64365,1.29,214.96,14.42,57.525,1.25,3.0,2,3.024,193.6888,0.8,9767.8746,8474.6,3.48323,0.00064,328.0,234.0
VX-127_5,0.02,0.48,0.0,0.0,0.25,0.0,0.25,0.0,0.0,158.1,5.5303,1.64365,1.29,214.96,14.42,57.525,1.25,3.0,2,3.024,193.6888,0.83,9759.2746,8406.8,3.48292,0.00063,328.0,234.0
B950RX,0.0,0.6,0.2,0.0,0.0,0.2,0.0,0.0,0.0,162.0,5.304,1.6022,1.28246,197.8,13.0,62.08,1.4,3.0,2,2.16,176.366,,,,3.62,0.0026,280.0,200.0
E950iRX,0.625,0.05,0.164,0.0,0.111,0.05,0.0,0.0,0.0,178.5,5.17328,1.498901,1.427655,140.236,11.022,58.7074,1.214,3.003,2,1.8776,151.20663,,,,3.45,0.003,338.0,231.0
S950SX,0.02,0.48,0.25,0.0,0.25,0.0,0.0,0.0,0.0,165.6,5.4853,1.59415,1.31,189.96,13.42,57.525,1.25,3.0,2,2.824,181.1738,,,,3.41,0.0008,350.0,290.0
VX-111,0.02,0.62,0.18,0.0,0.18,0.0,0.0,0.0,0.0,161.4,5.1654,1.60598,1.2834,199.76,13.56,57.518,1.18,3.0,2,2.838,182.8552,,,,3.41,0.00068,334.0,313.0
VX-112,0.02,0.7,0.14,0.0,0.14,0.0,0.0,0.0,0.0,159.0,4.9826,1.61274,1.2682,205.36,13.64,57.514,1.14,3.0,2,2.846,183.816,,,,3.4,0.00066,331.0,314.0
VX-116,0.02,0.78,0.1,0.0,0.1,0.0,0.0,0.0,0.0,156.6,4.7998,1.6195,1.253,210.96,13.72,57.51,1.1,3.0,2,2.854,184.7768,,,,3.45,0.00068,338.0,307.0
VX-113,0.27,0.73,0.0,0.0,0.0,0.0,0.0,0.0,0.0,158.1,4.3778,1.5914,1.2775,199.46,12.92,57.5,1.0,3.0,2,2.549,174.6638,,,,3.41,0.00098,315.0,200.0
VX-131,0.24,0.76,0.0,0.0,0.0,0.0,0.0,0.0,0.0,157.2,4.3736,1.5968,1.27,202.52,13.04,57.5,1.0,3.0,2,2.588,176.1656,,,,3.41,0.001,331.0,208.0
VX-176,0.02,0.48,0.02,0.0,0.0,0.0,0.23,0.25,0.0,158.7,5.6792,1.64744,1.3166,190.435,12.84,57.525,1.0,3.0,2,2.258,173.6626,,,,3.41,0.00061,337.0,279.0
VX-193,0.02,0.48,0.25,0.0,0.2,0.0,0.0,0.05,0.0,165.6,5.5158,1.5957,1.315,185.455,13.12,57.525,1.2,3.0,2,2.674,177.3688,,,,3.37,0.00086,314.0,223.0
VX-200,0.0,0.6,0.2,0.0,0.15,0.0,0.0,0.05,0.0,162.0,5.2845,1.60775,1.291,194.495,13.3,57.52,1.15,3.0,2,2.71,179.571,,,,3.53,0.00064,311.0,257.0
VX-222,0.0,0.35,0.0,0.325,0.0,0.0,0.0,0.295,0.03,148.2,5.93275,1.59185,1.35438,162.8805,11.67,58.8075,1.06,3.06,2,1.8015,159.8458,,,,3.47,0.0031,275.0,122.0
VX-134,0.0,0.5,0.0,0.0,0.25,0.0,0.25,0.0,0.0,157.5,5.5275,1.64725,1.285,217.0,14.5,57.525,1.25,3.0,2,3.05,194.69,,,,3.48,0.0007,337.0,
VX-135,0.22,0.78,0.0,0.0,0.0,0.0,0.0,0.0,0.0,156.6,4.3708,1.6004,1.265,204.56,13.12,57.5,1.0,3.0,2,2.614,177.1668,,,,3.45,0.0011,332.0,
ZE7000_1_0,0.615,0.0,0.164,0.0,0.096,0.0,0.029,0.096,0.0,179.13,5.36649,1.50544,1.44436,131.5824,10.694,57.5363,1.097,3.001,2,1.7964,146.90535,0.83,9769.898,4884.0,3.317061388,0.001944997,346.7591199,286.6907351
ZE7000_2_0,0.615,0.0,0.164,0.0,0.096,0.0,0.029,0.096,0.0,179.13,5.36649,1.50544,1.44436,131.5824,10.694,57.5363,1.097,3.001,2,1.7964,146.90535,0.81,9771.2175,3610.5,3.394583317,0.002977824,347.8397349,284.0536809
ZE7000_3_0,0.615,0.0,0.164,0.0,0.096,0.0,0.029,0.096,0.0,179.13,5.36649,1.50544,1.44436,131.5824,10.694,57.5363,1.097,3.001,2,1.7964,146.90535,0.8,9783.9065,5123.9,3.30234361,0.001862462,347.9674096,284.810989
ZE7000_4_0,0.615,0.0,0.164,0.0,0.096,0.0,0.029,0.096,0.0,179.13,5.36649,1.50544,1.44436,131.5824,10.694,57.5363,1.097,3.001,2,1.7964,146.90535,0.85,9765.9765,4884.6,3.346477716,0.001863035,348.8909487,284.7383555
ZE7000_5_0,0.615,0.0,0.164,0.0,0.096,0.0,0.029,0.096,0.0,179.13,5.36649,1.50544,1.44436,131.5824,10.694,57.5363,1.097,3.001,2,1.7964,146.90535,0.82,9767.8855,4921.8,3.454110719,0.002006081,347.026067,281.3694214
ZE7000_1_1,0.615,0.0,0.164,0.0,0.096,0.0,0.029,0.096,0.0,179.13,5.36649,1.50544,1.44436,131.5824,10.694,57.5363,1.097,3.001,2,1.7964,146.90535,0.83,9769.898,4884.0,3.423494717,0.002015291,347.5803071,282.2779747
ZE7000_2_1,0.615,0.0,0.164,0.0,0.096,0.0,0.029,0.096,0.0,179.13,5.36649,1.50544,1.44436,131.5824,10.694,57.5363,1.097,3.001,2,1.7964,146.90535,0.81,9771.2175,3610.5,3.43002103,0.003130273,346.8125243,283.9275744
ZE7000_3_1,0.615,0.0,0.164,0.0,0.096,0.0,0.029,0.096,0.0,179.13,5.36649,1.50544,1.44436,131.5824,10.694,57.5363,1.097,3.001,2,1.7964,146.90535,0.8,9783.9065,5123.9,3.281449082,0.00186362,346.872314,281.2525932
ZE7000_4_1,0.615,0.0,0.164,0.0,0.096,0.0,0.029,0.096,0.0,179.13,5.36649,1.50544,1.44436,131.5824,10.694,57.5363,1.097,3.001,2,1.7964,146.90535,0.85,9765.9765,4884.6,3.385998172,0.001975144,346.6228645,282.5250143
ZE7000_5_1,0.615,0.0,0.164,0.0,0.096,0.0,0.029,0.096,0.0,179.13,5.36649,1.50544,1.44436,131.5824,10.694,57.5363,1.097,3.001,2,1.7964,146.90535,0.82,9767.8855,4921.8,3.406479044,0.001938019,346.8736528,280.8293566
VX-222_0,0.0,0.35,0.0,0.325,0.0,0.0,0.0,0.295,0.03,148.2,5.93275,1.59185,1.35438,162.8805,11.67,58.8075,1.06,3.06,2,1.8015,159.8458,,,,3.467842176,0.003177897,276.2635825,119.7560709
VX-222_1,0.0,0.35,0.0,0.325,0.0,0.0,0.0,0.295,0.03,148.2,5.93275,1.59185,1.35438,162.8805,11.67,58.8075,1.06,3.06,2,1.8015,159.8458,,,,3.40059082,0.003071031,274.8115072,124.3699892
VX-222_2,0.0,0.35,0.0,0.325,0.0,0.0,0.0,0.295,0.03,148.2,5.93275,1.59185,1.35438,162.8805,11.67,58.8075,1.06,3.06,2,1.8015,159.8458,,,,3.470388727,0.003188705,274.9780375,122.466229
VX-222_3,0.0,0.35,0.0,0.325,0.0,0.0,0.0,0.295,0.03,148.2,5.93275,1.59185,1.35438,162.8805,11.67,58.8075,1.06,3.06,2,1.8015,159.8458,,,,3.479883533,0.003151707,274.7827443,122.2521119
VX-222_4,0.0,0.35,0.0,0.325,0.0,0.0,0.0,0.295,0.03,148.2,5.93275,1.59185,1.35438,162.8805,11.67,58.8075,1.06,3.06,2,1.8015,159.8458,,,,3.467501007,0.003094646,274.7318764,120.4039522
VX-222_5,0.0,0.35,0.0,0.325,0.0,0.0,0.0,0.295,0.03,148.2,5.93275,1.59185,1.35438,162.8805,11.67,58.8075,1.06,3.06,2,1.8015,159.8458,,,,3.487578891,0.003156476,274.5711801,121.8034609
VX-222_6,0.0,0.35,0.0,0.325,0.0,0.0,0.0,0.295,0.03,148.2,5.93275,1.59185,1.35438,162.8805,11.67,58.8075,1.06,3.06,2,1.8015,159.8458,,,,3.457587944,0.003002939,275.070943,123.5313807
VX-222_7,0.0,0.35,0.0,0.325,0.0,0.0,0.0,0.295,0.03,148.2,5.93275,1.59185,1.35438,162.8805,11.67,58.8075,1.06,3.06,2,1.8015,159.8458,,,,3.462731501,0.002940141,275.0513574,122.2578242
VX-222_8,0.0,0.35,0.0,0.325,0.0,0.0,0.0,0.295,0.03,148.2,5.93275,1.59185,1.35438,162.8805,11.67,58.8075,1.06,3.06,2,1.8015,159.8458,,,,3.384597748,0.003217504,275.1156913,123.5468099
VX-222_9,0.0,0.35,0.0,0.325,0.0,0.0,0.0,0.295,0.03,148.2,5.93275,1.59185,1.35438,162.8805,11.67,58.8075,1.06,3.06,2,1.8015,159.8458,,,,3.4359396,0.003128437,274.9388914,121.6405354
VX-222_10,0.0,0.35,0.0,0.325,0.0,0.0,0.0,0.295,0.03,148.2,5.93275,1.59185,1.35438,162.8805,11.67,58.8075,1.06,3.06,2,1.8015,159.8458,,,,3.492324249,0.003250375,274.0370579,122.8620742
VX-222_11,0.0,0.35,0.0,0.325,0.0,0.0,0.0,0.295,0.03,148.2,5.93275,1.59185,1.35438,162.8805,11.67,58.8075,1.06,3.06,2,1.8015,159.8458,,,,3.460890384,0.003160917,274.287852,122.6644829
VX-222_12,0.0,0.35,0.0,0.325,0.0,0.0,0.0,0.295,0.03,148.2,5.93275,1.59185,1.35438,162.8805,11.67,58.8075,1.06,3.06,2,1.8015,159.8458,,,,3.422885374,0.003076924,274.5573143,120.6934112
VX-222_13,0.0,0.35,0.0,0.325,0.0,0.0,0.0,0.295,0.03,148.2,5.93275,1.59185,1.35438,162.8805,11.67,58.8075,1.06,3.06,2,1.8015,159.8458,,,,3.495963249,0.003079265,275.0957221,124.5732223
A950RX_1_0,0.73,0.27,0.0,0.0,0.0,0.0,0.0,0.0,0.0,171.9,4.4422,1.5086,1.3925,152.54,11.08,57.5,1.0,3.0,2,1.951,151.6362,0.85,9749.8481,5173.6,3.506391448,0.001816436,281.0438236,167.3209906
A950RX_2_0,0.73,0.27,0.0,0.0,0.0,0.0,0.0,0.0,0.0,171.9,4.4422,1.5086,1.3925,152.54,11.08,57.5,1.0,3.0,2,1.951,151.6362,0.85,9750.2115,5158.6,3.482480567,0.001739628,279.6916907,171.8676794
A950RX_3_0,0.73,0.27,0.0,0.0,0.0,0.0,0.0,0.0,0.0,171.9,4.4422,1.5086,1.3925,152.54,11.08,57.5,1.0,3.0,2,1.951,151.6362,0.83,9757.7115,5091.1,3.484740939,0.001765176,280.649705,170.8235245
A950RX_4_0,0.73,0.27,0.0,0.0,0.0,0.0,0.0,0.0,0.0,171.9,4.4422,1.5086,1.3925,152.54,11.08,57.5,1.0,3.0,2,1.951,151.6362,0.83,9755.3415,5101.9,3.539282827,0.001778822,279.7629965,164.6340029
A950RX_5_0,0.73,0.27,0.0,0.0,0.0,0.0,0.0,0.0,0.0,171.9,4.4422,1.5086,1.3925,152.54,11.08,57.5,1.0,3.0,2,1.951,151.6362,0.78,9773.0215,5327.5,3.475246469,0.001830833,279.8754677,172.5737116
A950RX_1_1,0.73,0.27,0.0,0.0,0.0,0.0,0.0,0.0,0.0,171.9,4.4422,1.5086,1.3925,152.54,11.08,57.5,1.0,3.0,2,1.951,151.6362,0.85,9749.8481,5173.6,3.497877666,0.001628661,280.7939761,169.5652007
A950RX_2_1,0.73,0.27,0.0,0.0,0.0,0.0,0.0,0.0,0.0,171.9,4.4422,1.5086,1.3925,152.54,11.08,57.5,1.0,3.0,2,1.951,151.6362,0.85,9750.2115,5158.6,3.54339995,0.001606103,279.8130548,163.6464829
A950RX_3_1,0.73,0.27,0.0,0.0,0.0,0.0,0.0,0.0,0.0,171.9,4.4422,1.5086,1.3925,152.54,11.08,57.5,1.0,3.0,2,1.951,151.6362,0.83,9757.7115,5091.1,3.450104843,0.001769419,279.6975306,165.5274013
A950RX_4_1,0.73,0.27,0.0,0.0,0.0,0.0,0.0,0.0,0.0,171.9,4.4422,1.5086,1.3925,152.54,11.08,57.5,1.0,3.0,2,1.951,151.6362,0.83,9755.3415,5101.9,3.508684872,0.001831802,279.9362248,167.1765633
A950RX_5_1,0.73,0.27,0.0,0.0,0.0,0.0,0.0,0.0,0.0,171.9,4.4422,1.5086,1.3925,152.54,11.08,57.5,1.0,3.0,2,1.951,151.6362,0.78,9773.0215,5327.5,3.468503324,0.001725874,279.989042,166.8639011
ZE6000_1_0,0.615,0.0,0.135,0.0,0.096,0.0,0.058,0.096,0.0,178.26,5.37171,1.511182,1.44204,134.4824,10.81,57.5363,1.097,3.001,2,1.8196,148.35709,0.81,9771.342,4956.0,3.40336826,0.001949352,334.2536013,253.0239814
ZE6000_2_0,0.615,0.0,0.135,0.0,0.096,0.0,0.058,0.096,0.0,178.26,5.37171,1.511182,1.44204,134.4824,10.81,57.5363,1.097,3.001,2,1.8196,148.35709,0.8,9772.186,4994.9,3.443589615,0.001957912,334.8763265,251.5273531
ZE6000_3_0,0.615,0.0,0.135,0.0,0.096,0.0,0.058,0.096,0.0,178.26,5.37171,1.511182,1.44204,134.4824,10.81,57.5363,1.097,3.001,2,1.8196,148.35709,0.8,9778.453,5053.9,3.366381362,0.001901126,333.8319109,258.872371
ZE6000_4_0,0.615,0.0,0.135,0.0,0.096,0.0,0.058,0.096,0.0,178.26,5.37171,1.511182,1.44204,134.4824,10.81,57.5363,1.097,3.001,2,1.8196,148.35709,0.79,9776.539,5020.2,3.407517651,0.001832901,333.989193,251.2625531
ZE6000_5_0,0.615,0.0,0.135,0.0,0.096,0.0,0.058,0.096,0.0,178.26,5.37171,1.511182,1.44204,134.4824,10.81,57.5363,1.097,3.001,2,1.8196,148.35709,0.79,9773.998,5029.7,3.430423052,0.001881545,334.2961027,255.5292923
ZE6000_1_1,0.615,0.0,0.135,0.0,0.096,0.0,0.058,0.096,0.0,178.26,5.37171,1.511182,1.44204,134.4824,10.81,57.5363,1.097,3.001,2,1.8196,148.35709,0.81,9771.342,4956.0,3.438561796,0.001766575,333.8686346,251.8664954
ZE6000_2_1,0.615,0.0,0.135,0.0,0.096,0.0,0.058,0.096,0.0,178.26,5.37171,1.511182,1.44204,134.4824,10.81,57.5363,1.097,3.001,2,1.8196,148.35709,0.8,9772.186,4994.9,3.430324532,0.002027,335.0635991,251.808802
ZE6000_3_1,0.615,0.0,0.135,0.0,0.096,0.0,0.058,0.096,0.0,178.26,5.37171,1.511182,1.44204,134.4824,10.81,57.5363,1.097,3.001,2,1.8196,148.35709,0.8,9778.453,5053.9,3.388427169,0.001937025,334.0625626,251.4075477
ZE6000_4_1,0.615,0.0,0.135,0.0,0.096,0.0,0.058,0.096,0.0,178.26,5.37171,1.511182,1.44204,134.4824,10.81,57.5363,1.097,3.001,2,1.8196,148.35709,0.79,9776.539,5020.2,3.443432094,0.002076953,334.4200452,253.9797447
ZE6000_5_1,0.615,0.0,0.135,0.0,0.096,0.0,0.058,0.096,0.0,178.26,5.37171,1.511182,1.44204,134.4824,10.81,57.5363,1.097,3.001,2,1.8196,148.35709,0.79,9773.998,5029.7,3.403498097,0.001879542,334.1949768,254.5830905
VX-111_0,0.02,0.62,0.18,0.0,0.18,0.0,0.0,0.0,0.0,161.4,5.1654,1.60598,1.2834,199.76,13.56,57.518,1.18,3.0,2,2.838,182.8552,,,,3.445326429,0.000780968,334.6415786,312.4262801
VX-111_1,0.02,0.62,0.18,0.0,0.18,0.0,0.0,0.0,0.0,161.4,5.1654,1.60598,1.2834,199.76,13.56,57.518,1.18,3.0,2,2.838,182.8552,,,,3.400120415,0.000696308,334.551474,313.6045417
VX-111_2,0.02,0.62,0.18,0.0,0.18,0.0,0.0,0.0,0.0,161.4,5.1654,1.60598,1.2834,199.76,13.56,57.518,1.18,3.0,2,2.838,182.8552,,,,3.402725846,0.000710392,334.8585372,313.8537182
VX-111_3,0.02,0.62,0.18,0.0,0.18,0.0,0.0,0.0,0.0,161.4,5.1654,1.60598,1.2834,199.76,13.56,57.518,1.18,3.0,2,2.838,182.8552,,,,3.384123282,0.000830461,334.5273962,313.4581343
VX-111_4,0.02,0.62,0.18,0.0,0.18,0.0,0.0,0.0,0.0,161.4,5.1654,1.60598,1.2834,199.76,13.56,57.518,1.18,3.0,2,2.838,182.8552,,,,3.451118077,0.000716436,334.6171164,311.9768345
VX-111_5,0.02,0.62,0.18,0.0,0.18,0.0,0.0,0.0,0.0,161.4,5.1654,1.60598,1.2834,199.76,13.56,57.518,1.18,3.0,2,2.838,182.8552,,,,3.416964704,0.000685852,334.2496921,313.2688459
VX-111_6,0.02,0.62,0.18,0.0,0.18,0.0,0.0,0.0,0.0,161.4,5.1654,1.60598,1.2834,199.76,13.56,57.518,1.18,3.0,2,2.838,182.8552,,,,3.420985359,0.000663341,333.5269267,315.3625856
VX-111_7,0.02,0.62,0.18,0.0,0.18,0.0,0.0,0.0,0.0,161.4,5.1654,1.60598,1.2834,199.76,13.56,57.518,1.18,3.0,2,2.838,182.8552,,,,3.41074421,0.000666332,333.8821017,308.6077228
VX-111_8,0.02,0.62,0.18,0.0,0.18,0.0,0.0,0.0,0.0,161.4,5.1654,1.60598,1.2834,199.76,13.56,57.518,1.18,3.0,2,2.838,182.8552,,,,3.375649065,0.000651624,333.8660307,313.4832103
VX-111_9,0.02,0.62,0.18,0.0,0.18,0.0,0.0,0.0,0.0,161.4,5.1654,1.60598,1.2834,199.76,13.56,57.518,1.18,3.0,2,2.838,182.8552,,,,3.357081385,0.000585906,333.5601243,314.6242913
VX-111_10,0.02,0.62,0.18,0.0,0.18,0.0,0.0,0.0,0.0,161.4,5.1654,1.60598,1.2834,199.76,13.56,57.518,1.18,3.0,2,2.838,182.8552,,,,3.389784734,0.000798866,334.6658492,313.1689943
VX-111_11,0.02,0.62,0.18,0.0,0.18,0.0,0.0,0.0,0.0,161.4,5.1654,1.60598,1.2834,199.76,13.56,57.518,1.18,3.0,2,2.838,182.8552,,,,3.394290703,0.000534158,333.7375526,310.3000739
VX-111_12,0.02,0.62,0.18,0.0,0.18,0.0,0.0,0.0,0.0,161.4,5.1654,1.60598,1.2834,199.76,13.56,57.518,1.18,3.0,2,2.838,182.8552,,,,3.423991497,0.000633886,334.2907236,312.2204821
VX-111_13,0.02,0.62,0.18,0.0,0.18,0.0,0.0,0.0,0.0,161.4,5.1654,1.60598,1.2834,199.76,13.56,57.518,1.18,3.0,2,2.838,182.8552,,,,3.429472225,0.000636344,333.8635346,311.4529781
VX-176_0,0.02,0.48,0.02,0.0,0.0,0.0,0.23,0.25,0.0,158.7,5.6792,1.64744,1.3166,190.435,12.84,57.525,1.0,3.0,2,2.258,173.6626,,,,3.387224945,0.000704437,337.3112478,278.5457151
VX-176_1,0.02,0.48,0.02,0.0,0.0,0.0,0.23,0.25,0.0,158.7,5.6792,1.64744,1.3166,190.435,12.84,57.525,1.0,3.0,2,2.258,173.6626,,,,3.393517821,0.000715215,338.2052052,279.5546524
VX-176_2,0.02,0.48,0.02,0.0,0.0,0.0,0.23,0.25,0.0,158.7,5.6792,1.64744,1.3166,190.435,12.84,57.525,1.0,3.0,2,2.258,173.6626,,,,3.402353912,0.000448854,338.3847013,275.92771
VX-176_3,0.02,0.48,0.02,0.0,0.0,0.0,0.23,0.25,0.0,158.7,5.6792,1.64744,1.3166,190.435,12.84,57.525,1.0,3.0,2,2.258,173.6626,,,,3.373744322,0.000603606,335.3961969,275.9746712
VX-176_4,0.02,0.48,0.02,0.0,0.0,0.0,0.23,0.25,0.0,158.7,5.6792,1.64744,1.3166,190.435,12.84,57.525,1.0,3.0,2,2.258,173.6626,,,,3.420569346,0.000626566,336.7711385,277.0690454
VX-176_5,0.02,0.48,0.02,0.0,0.0,0.0,0.23,0.25,0.0,158.7,5.6792,1.64744,1.3166,190.435,12.84,57.525,1.0,3.0,2,2.258,173.6626,,,,3.410836017,0.000667108,336.8790124,277.2451971
VX-176_6,0.02,0.48,0.02,0.0,0.0,0.0,0.23,0.25,0.0,158.7,5.6792,1.64744,1.3166,190.435,12.84,57.525,1.0,3.0,2,2.258,173.6626,,,,3.414734779,0.00071174,338.5335267,277.4435821
VX-176_7,0.02,0.48,0.02,0.0,0.0,0.0,0.23,0.25,0.0,158.7,5.6792,1.64744,1.3166,190.435,12.84,57.525,1.0,3.0,2,2.258,173.6626,,,,3.320326769,0.000526653,337.9057291,277.9942968
VX-176_8,0.02,0.48,0.02,0.0,0.0,0.0,0.23,0.25,0.0,158.7,5.6792,1.64744,1.3166,190.435,12.84,57.525,1.0,3.0,2,2.258,173.6626,,,,3.393703908,0.000444449,337.4476309,282.1016399
VX-176_9,0.02,0.48,0.02,0.0,0.0,0.0,0.23,0.25,0.0,158.7,5.6792,1.64744,1.3166,190.435,12.84,57.525,1.0,3.0,2,2.258,173.6626,,,,3.424950735,0.0006104,336.3927546,278.2570275
VX-176_10,0.02,0.48,0.02,0.0,0.0,0.0,0.23,0.25,0.0,158.7,5.6792,1.64744,1.3166,190.435,12.84,57.525,1.0,3.0,2,2.258,173.6626,,,,3.421487028,0.00053653,338.2246638,278.8279609
VX-176_11,0.02,0.48,0.02,0.0,0.0,0.0,0.23,0.25,0.0,158.7,5.6792,1.64744,1.3166,190.435,12.84,57.525,1.0,3.0,2,2.258,173.6626,,,,3.435846282,0.000519507,336.3142063,274.9650826
VX-176_12,0.02,0.48,0.02,0.0,0.0,0.0,0.23,0.25,0.0,158.7,5.6792,1.64744,1.3166,190.435,12.84,57.525,1.0,3.0,2,2.258,173.6626,,,,3.402249852,0.000528937,337.0829705,280.3810499
VX-176_13,0.02,0.48,0.02,0.0,0.0,0.0,0.23,0.25,0.0,158.7,5.6792,1.64744,1.3166,190.435,12.84,57.525,1.0,3.0,2,2.258,173.6626,,,,3.423600773,0.000629024,336.9311753,281.1248228
VX-193_0,0.02,0.48,0.25,0.0,0.2,0.0,0.0,0.05,0.0,165.6,5.5158,1.5957,1.315,185.455,13.12,57.525,1.2,3.0,2,2.674,177.3688,,,,3.389205386,0.00077342,314.2390217,223.4528025
VX-193_1,0.02,0.48,0.25,0.0,0.2,0.0,0.0,0.05,0.0,165.6,5.5158,1.5957,1.315,185.455,13.12,57.525,1.2,3.0,2,2.674,177.3688,,,,3.382825385,0.000859694,313.8214404,226.1494538
VX-193_2,0.02,0.48,0.25,0.0,0.2,0.0,0.0,0.05,0.0,165.6,5.5158,1.5957,1.315,185.455,13.12,57.525,1.2,3.0,2,2.674,177.3688,,,,3.327719943,0.00079814,313.6872549,223.8881096
VX-193_3,0.02,0.48,0.25,0.0,0.2,0.0,0.0,0.05,0.0,165.6,5.5158,1.5957,1.315,185.455,13.12,57.525,1.2,3.0,2,2.674,177.3688,,,,3.392318905,0.000946796,313.810173,224.3529545
VX-193_4,0.02,0.48,0.25,0.0,0.2,0.0,0.0,0.05,0.0,165.6,5.5158,1.5957,1.315,185.455,13.12,57.525,1.2,3.0,2,2.674,177.3688,,,,3.378393633,0.000774268,313.9434004,224.3438771
VX-193_5,0.02,0.48,0.25,0.0,0.2,0.0,0.0,0.05,0.0,165.6,5.5158,1.5957,1.315,185.455,13.12,57.525,1.2,3.0,2,2.674,177.3688,,,,3.404954242,0.000851336,314.8793376,228.4981048
VX-193_6,0.02,0.48,0.25,0.0,0.2,0.0,0.0,0.05,0.0,165.6,5.5158,1.5957,1.315,185.455,13.12,57.525,1.2,3.0,2,2.674,177.3688,,,,3.347481457,0.000778484,314.0856661,224.1859029
VX-193_7,0.02,0.48,0.25,0.0,0.2,0.0,0.0,0.05,0.0,165.6,5.5158,1.5957,1.315,185.455,13.12,57.525,1.2,3.0,2,2.674,177.3688,,,,3.360737518,0.0008692,313.4420128,220.2853725
VX-193_8,0.02,0.48,0.25,0.0,0.2,0.0,0.0,0.05,0.0,165.6,5.5158,1.5957,1.315,185.455,13.12,57.525,1.2,3.0,2,2.674,177.3688,,,,3.348961995,0.000802981,314.9709979,225.6175191
VX-193_9,0.02,0.48,0.25,0.0,0.2,0.0,0.0,0.05,0.0,165.6,5.5158,1.5957,1.315,185.455,13.12,57.525,1.2,3.0,2,2.674,177.3688,,,,3.322600882,0.000780332,313.4612841,223.1277042
VX-193_10,0.02,0.48,0.25,0.0,0.2,0.0,0.0,0.05,0.0,165.6,5.5158,1.5957,1.315,185.455,13.12,57.525,1.2,3.0,2,2.674,177.3688,,,,3.350940047,0.000949908,314.4084677,225.4952658
VX-193_11,0.02,0.48,0.25,0.0,0.2,0.0,0.0,0.05,0.0,165.6,5.5158,1.5957,1.315,185.455,13.12,57.525,1.2,3.0,2,2.674,177.3688,,,,3.341555533,0.000957707,315.8210428,225.0084303
VX-193_12,0.02,0.48,0.25,0.0,0.2,0.0,0.0,0.05,0.0,165.6,5.5158,1.5957,1.315,185.455,13.12,57.525,1.2,3.0,2,2.674,177.3688,,,,3.360765556,0.000965547,315.3386005,224.9260005
VX-193_13,0.02,0.48,0.25,0.0,0.2,0.0,0.0,0.05,0.0,165.6,5.5158,1.5957,1.315,185.455,13.12,57.525,1.2,3.0,2,2.674,177.3688,,,,3.360729359,0.000880443,314.0124265,224.5442695
S950SX_0,0.02,0.48,0.25,0.0,0.25,0.0,0.0,0.0,0.0,165.6,5.4853,1.59415,1.31,189.96,13.42,57.525,1.25,3.0,2,2.824,181.1738,,,,3.423612167,0.000721407,349.202229,286.9927037
S950SX_1,0.02,0.48,0.25,0.0,0.25,0.0,0.0,0.0,0.0,165.6,5.4853,1.59415,1.31,189.96,13.42,57.525,1.25,3.0,2,2.824,181.1738,,,,3.415802185,0.000771045,349.8873691,291.0555099
S950SX_2,0.02,0.48,0.25,0.0,0.25,0.0,0.0,0.0,0.0,165.6,5.4853,1.59415,1.31,189.96,13.42,57.525,1.25,3.0,2,2.824,181.1738,,,,3.44508288,0.000700841,349.9511316,285.8481806
S950SX_3,0.02,0.48,0.25,0.0,0.25,0.0,0.0,0.0,0.0,165.6,5.4853,1.59415,1.31,189.96,13.42,57.525,1.25,3.0,2,2.824,181.1738,,,,3.406171134,0.000706607,349.6228263,288.3170795
S950SX_4,0.02,0.48,0.25,0.0,0.25,0.0,0.0,0.0,0.0,165.6,5.4853,1.59415,1.31,189.96,13.42,57.525,1.25,3.0,2,2.824,181.1738,,,,3.386782319,0.000825683,350.1430106,289.5257322
S950SX_5,0.02,0.48,0.25,0.0,0.25,0.0,0.0,0.0,0.0,165.6,5.4853,1.59415,1.31,189.96,13.42,57.525,1.25,3.0,2,2.824,181.1738,,,,3.368989057,0.000879887,349.9110873,291.2299106
S950SX_6,0.02,0.48,0.25,0.0,0.25,0.0,0.0,0.0,0.0,165.6,5.4853,1.59415,1.31,189.96,13.42,57.525,1.25,3.0,2,2.824,181.1738,,,,3.444115613,0.000811972,348.9346412,286.600847
S950SX_7,0.02,0.48,0.25,0.0,0.25,0.0,0.0,0.0,0.0,165.6,5.4853,1.59415,1.31,189.96,13.42,57.525,1.25,3.0,2,2.824,181.1738,,,,3.390873838,0.000900388,349.7195523,286.4341183
S950SX_8,0.02,0.48,0.25,0.0,0.25,0.0,0.0,0.0,0.0,165.6,5.4853,1.59415,1.31,189.96,13.42,57.525,1.25,3.0,2,2.824,181.1738,,,,3.356288533,0.000922793,349.7950281,291.7845277
S950SX_9,0.02,0.48,0.25,0.0,0.25,0.0,0.0,0.0,0.0,165.6,5.4853,1.59415,1.31,189.96,13.42,57.525,1.25,3.0,2,2.824,181.1738,,,,3.378100858,0.000739379,350.185818,286.8451672
S950SX_10,0.02,0.48,0.25,0.0,0.25,0.0,0.0,0.0,0.0,165.6,5.4853,1.59415,1.31,189.96,13.42,57.525,1.25,3.0,2,2.824,181.1738,,,,3.381952495,0.000852174,349.8816585,286.3923603
S950SX_11,0.02,0.48,0.25,0.0,0.25,0.0,0.0,0.0,0.0,165.6,5.4853,1.59415,1.31,189.96,13.42,57.525,1.25,3.0,2,2.824,181.1738,,,,3.361859584,0.000676903,349.3596232,291.8217888
S950SX_12,0.02,0.48,0.25,0.0,0.25,0.0,0.0,0.0,0.0,165.6,5.4853,1.59415,1.31,189.96,13.42,57.525,1.25,3.0,2,2.824,181.1738,,,,3.421061057,0.000753822,349.8058013,288.7817494
S950SX_13,0.02,0.48,0.25,0.0,0.25,0.0,0.0,0.0,0.0,165.6,5.4853,1.59415,1.31,189.96,13.42,57.525,1.25,3.0,2,2.824,181.1738,,,,3.470630731,0.00086682,350.487632,288.9838521
VX-116_0,0.02,0.78,0.1,0.0,0.1,0.0,0.0,0.0,0.0,156.6,4.7998,1.6195,1.253,210.96,13.72,57.51,1.1,3.0,2,2.854,184.7768,,,,3.409828206,0.000504696,338.2962578,303.3863789
VX-116_1,0.02,0.78,0.1,0.0,0.1,0.0,0.0,0.0,0.0,156.6,4.7998,1.6195,1.253,210.96,13.72,57.51,1.1,3.0,2,2.854,184.7768,,,,3.436108806,0.00067814,339.1354611,304.2279982
VX-116_2,0.02,0.78,0.1,0.0,0.1,0.0,0.0,0.0,0.0,156.6,4.7998,1.6195,1.253,210.96,13.72,57.51,1.1,3.0,2,2.854,184.7768,,,,3.402012718,0.000677906,338.4001449,302.9617061
VX-116_3,0.02,0.78,0.1,0.0,0.1,0.0,0.0,0.0,0.0,156.6,4.7998,1.6195,1.253,210.96,13.72,57.51,1.1,3.0,2,2.854,184.7768,,,,3.42584749,0.000677008,338.0301932,303.8886494
VX-116_4,0.02,0.78,0.1,0.0,0.1,0.0,0.0,0.0,0.0,156.6,4.7998,1.6195,1.253,210.96,13.72,57.51,1.1,3.0,2,2.854,184.7768,,,,3.468745051,0.000787008,337.6083088,305.1365023
VX-116_5,0.02,0.78,0.1,0.0,0.1,0.0,0.0,0.0,0.0,156.6,4.7998,1.6195,1.253,210.96,13.72,57.51,1.1,3.0,2,2.854,184.7768,,,,3.469193031,0.000594242,337.3983735,305.2634487
VX-116_6,0.02,0.78,0.1,0.0,0.1,0.0,0.0,0.0,0.0,156.6,4.7998,1.6195,1.253,210.96,13.72,57.51,1.1,3.0,2,2.854,184.7768,,,,3.452739994,0.000770622,338.2977624,308.695444
VX-116_7,0.02,0.78,0.1,0.0,0.1,0.0,0.0,0.0,0.0,156.6,4.7998,1.6195,1.253,210.96,13.72,57.51,1.1,3.0,2,2.854,184.7768,,,,3.473741598,0.000636621,337.1642965,303.6818956
VX-116_8,0.02,0.78,0.1,0.0,0.1,0.0,0.0,0.0,0.0,156.6,4.7998,1.6195,1.253,210.96,13.72,57.51,1.1,3.0,2,2.854,184.7768,,,,3.45133721,0.000560333,338.4765974,304.8323499
VX-116_9,0.02,0.78,0.1,0.0,0.1,0.0,0.0,0.0,0.0,156.6,4.7998,1.6195,1.253,210.96,13.72,57.51,1.1,3.0,2,2.854,184.7768,,,,3.43202526,0.000626046,337.6403663,306.5456833
VX-116_10,0.02,0.78,0.1,0.0,0.1,0.0,0.0,0.0,0.0,156.6,4.7998,1.6195,1.253,210.96,13.72,57.51,1.1,3.0,2,2.854,184.7768,,,,3.479819881,0.000563351,337.4227148,306.5271832
VX-116_11,0.02,0.78,0.1,0.0,0.1,0.0,0.0,0.0,0.0,156.6,4.7998,1.6195,1.253,210.96,13.72,57.51,1.1,3.0,2,2.854,184.7768,,,,3.473601455,0.000702379,338.4486615,304.8204241
VX-116_12,0.02,0.78,0.1,0.0,0.1,0.0,0.0,0.0,0.0,156.6,4.7998,1.6195,1.253,210.96,13.72,57.51,1.1,3.0,2,2.854,184.7768,,,,3.401377063,0.000747619,338.5384922,306.1415117
VX-116_13,0.02,0.78,0.1,0.0,0.1,0.0,0.0,0.0,0.0,156.6,4.7998,1.6195,1.253,210.96,13.72,57.51,1.1,3.0,2,2.854,184.7768,,,,3.431908197,0.000462671,337.4038853,306.6989351
VX-127_1_0,0.02,0.48,0.0,0.0,0.25,0.0,0.25,0.0,0.0,158.1,5.5303,1.64365,1.29,214.96,14.42,57.525,1.25,3.0,2,3.024,193.6888,0.82,9758.3019,8300.5,3.51651304,0.000612348,327.7524591,235.2287641
VX-127_2_0,0.02,0.48,0.0,0.0,0.25,0.0,0.25,0.0,0.0,158.1,5.5303,1.64365,1.29,214.96,14.42,57.525,1.25,3.0,2,3.024,193.6888,0.83,9756.4987,8305.9,3.528268694,0.000702496,328.5797457,233.526351
VX-127_3_0,0.02,0.48,0.0,0.0,0.25,0.0,0.25,0.0,0.0,158.1,5.5303,1.64365,1.29,214.96,14.42,57.525,1.25,3.0,2,3.024,193.6888,0.81,9771.6594,8403.8,3.343086218,0.000583732,325.7851766,235.1908182
VX-127_4_0,0.02,0.48,0.0,0.0,0.25,0.0,0.25,0.0,0.0,158.1,5.5303,1.64365,1.29,214.96,14.42,57.525,1.25,3.0,2,3.024,193.6888,0.8,9767.8746,8474.6,3.449801379,0.000485334,328.6928276,236.4564393
VX-127_5_0,0.02,0.48,0.0,0.0,0.25,0.0,0.25,0.0,0.0,158.1,5.5303,1.64365,1.29,214.96,14.42,57.525,1.25,3.0,2,3.024,193.6888,0.83,9759.2746,8406.8,3.459152119,0.000654698,328.0838599,233.1914307
VX-127_1_1,0.02,0.48,0.0,0.0,0.25,0.0,0.25,0.0,0.0,158.1,5.5303,1.64365,1.29,214.96,14.42,57.525,1.25,3.0,2,3.024,193.6888,0.82,9758.3019,8300.5,3.54912166,0.000693603,328.1091007,234.1176317
VX-127_2_1,0.02,0.48,0.0,0.0,0.25,0.0,0.25,0.0,0.0,158.1,5.5303,1.64365,1.29,214.96,14.42,57.525,1.25,3.0,2,3.024,193.6888,0.83,9756.4987,8305.9,3.553841717,0.000622025,327.4194272,232.2340113
VX-127_3_1,0.02,0.48,0.0,0.0,0.25,0.0,0.25,0.0,0.0,158.1,5.5303,1.64365,1.29,214.96,14.42,57.525,1.25,3.0,2,3.024,193.6888,0.81,9771.6594,8403.8,3.414357409,0.000641369,326.8919882,232.8784906
VX-127_4_1,0.02,0.48,0.0,0.0,0.25,0.0,0.25,0.0,0.0,158.1,5.5303,1.64365,1.29,214.96,14.42,57.525,1.25,3.0,2,3.024,193.6888,0.8,9767.8746,8474.6,3.472653873,0.00057158,329.0538824,233.6954544
VX-127_5_1,0.02,0.48,0.0,0.0,0.25,0.0,0.25,0.0,0.0,158.1,5.5303,1.64365,1.29,214.96,14.42,57.525,1.25,3.0,2,3.024,193.6888,0.83,9759.2746,8406.8,3.503320617,0.000698342,328.5516162,233.9981431
VX-113_0,0.27,0.73,0.0,0.0,0.0,0.0,0.0,0.0,0.0,158.1,4.3778,1.5914,1.2775,199.46,12.92,57.5,1.0,3.0,2,2.549,174.6638,,,,3.457787164,0.001082949,315.2854299,202.2803474
VX-113_1,0.27,0.73,0.0,0.0,0.0,0.0,0.0,0.0,0.0,158.1,4.3778,1.5914,1.2775,199.46,12.92,57.5,1.0,3.0,2,2.549,174.6638,,,,3.411940651,0.001033117,314.8608208,199.6430607
VX-113_2,0.27,0.73,0.0,0.0,0.0,0.0,0.0,0.0,0.0,158.1,4.3778,1.5914,1.2775,199.46,12.92,57.5,1.0,3.0,2,2.549,174.6638,,,,3.397394296,0.001139728,315.2160468,200.2165882
VX-113_3,0.27,0.73,0.0,0.0,0.0,0.0,0.0,0.0,0.0,158.1,4.3778,1.5914,1.2775,199.46,12.92,57.5,1.0,3.0,2,2.549,174.6638,,,,3.407506675,0.000863869,315.2181434,199.655072
VX-113_4,0.27,0.73,0.0,0.0,0.0,0.0,0.0,0.0,0.0,158.1,4.3778,1.5914,1.2775,199.46,12.92,57.5,1.0,3.0,2,2.549,174.6638,,,,3.387237686,0.000979238,315.1184903,198.7328318
VX-113_5,0.27,0.73,0.0,0.0,0.0,0.0,0.0,0.0,0.0,158.1,4.3778,1.5914,1.2775,199.46,12.92,57.5,1.0,3.0,2,2.549,174.6638,,,,3.399807163,0.000963774,314.7828986,202.2855261
VX-113_6,0.27,0.73,0.0,0.0,0.0,0.0,0.0,0.0,0.0,158.1,4.3778,1.5914,1.2775,199.46,12.92,57.5,1.0,3.0,2,2.549,174.6638,,,,3.426565366,0.00104939,314.9510458,197.9551593
VX-113_7,0.27,0.73,0.0,0.0,0.0,0.0,0.0,0.0,0.0,158.1,4.3778,1.5914,1.2775,199.46,12.92,57.5,1.0,3.0,2,2.549,174.6638,,,,3.374552746,0.001021612,314.3967538,201.6739291
VX-113_8,0.27,0.73,0.0,0.0,0.0,0.0,0.0,0.0,0.0,158.1,4.3778,1.5914,1.2775,199.46,12.92,57.5,1.0,3.0,2,2.549,174.6638,,,,3.384250964,0.000910532,314.9151999,200.1092635
VX-113_9,0.27,0.73,0.0,0.0,0.0,0.0,0.0,0.0,0.0,158.1,4.3778,1.5914,1.2775,199.46,12.92,57.5,1.0,3.0,2,2.549,174.6638,,,,3.422153831,0.000831591,315.0420536,200.5403247
VX-113_10,0.27,0.73,0.0,0.0,0.0,0.0,0.0,0.0,0.0,158.1,4.3778,1.5914,1.2775,199.46,12.92,57.5,1.0,3.0,2,2.549,174.6638,,,,3.378606266,0.000989901,314.7529225,200.8590806
VX-113_11,0.27,0.73,0.0,0.0,0.0,0.0,0.0,0.0,0.0,158.1,4.3778,1.5914,1.2775,199.46,12.92,57.5,1.0,3.0,2,2.549,174.6638,,,,3.400369479,0.000999381,314.3350091,197.7772644
VX-113_12,0.27,0.73,0.0,0.0,0.0,0.0,0.0,0.0,0.0,158.1,4.3778,1.5914,1.2775,199.46,12.92,57.5,1.0,3.0,2,2.549,174.6638,,,,3.357860614,0.001124974,315.4435129,198.5235694
VX-113_13,0.27,0.73,0.0,0.0,0.0,0.0,0.0,0.0,0.0,158.1,4.3778,1.5914,1.2775,199.46,12.92,57.5,1.0,3.0,2,2.549,174.6638,,,,3.36393811,0.001090979,315.3151999,201.7247619
VX-134_0,0.0,0.5,0.0,0.0,0.25,0.0,0.25,0.0,0.0,157.5,5.5275,1.64725,1.285,217.0,14.5,57.525,1.25,3.0,2,3.05,194.69,,,,3.489457893,0.000534075,336.8814427,
VX-134_1,0.0,0.5,0.0,0.0,0.25,0.0,0.25,0.0,0.0,157.5,5.5275,1.64725,1.285,217.0,14.5,57.525,1.25,3.0,2,3.05,194.69,,,,3.439586394,0.000612563,336.0624727,
VX-134_2,0.0,0.5,0.0,0.0,0.25,0.0,0.25,0.0,0.0,157.5,5.5275,1.64725,1.285,217.0,14.5,57.525,1.25,3.0,2,3.05,194.69,,,,3.516520543,0.000659623,337.47286,
VX-134_3,0.0,0.5,0.0,0.0,0.25,0.0,0.25,0.0,0.0,157.5,5.5275,1.64725,1.285,217.0,14.5,57.525,1.25,3.0,2,3.05,194.69,,,,3.473141741,0.000704268,336.1366269,
VX-134_4,0.0,0.5,0.0,0.0,0.25,0.0,0.25,0.0,0.0,157.5,5.5275,1.64725,1.285,217.0,14.5,57.525,1.25,3.0,2,3.05,194.69,,,,3.477469547,0.000688707,336.0885135,
VX-134_5,0.0,0.5,0.0,0.0,0.25,0.0,0.25,0.0,0.0,157.5,5.5275,1.64725,1.285,217.0,14.5,57.525,1.25,3.0,2,3.05,194.69,,,,3.542410277,0.000550252,336.9970911,
VX-134_6,0.0,0.5,0.0,0.0,0.25,0.0,0.25,0.0,0.0,157.5,5.5275,1.64725,1.285,217.0,14.5,57.525,1.25,3.0,2,3.05,194.69,,,,3.477652155,0.000689079,336.420473,
VX-134_7,0.0,0.5,0.0,0.0,0.25,0.0,0.25,0.0,0.0,157.5,5.5275,1.64725,1.285,217.0,14.5,57.525,1.25,3.0,2,3.05,194.69,,,,3.531052631,0.000601783,337.690019,
VX-134_8,0.0,0.5,0.0,0.0,0.25,0.0,0.25,0.0,0.0,157.5,5.5275,1.64725,1.285,217.0,14.5,57.525,1.25,3.0,2,3.05,194.69,,,,3.479756599,0.000716217,336.6501282,
VX-134_9,0.0,0.5,0.0,0.0,0.25,0.0,0.25,0.0,0.0,157.5,5.5275,1.64725,1.285,217.0,14.5,57.525,1.25,3.0,2,3.05,194.69,,,,3.48512205,0.000600646,337.4632293,
VX-134_10,0.0,0.5,0.0,0.0,0.25,0.0,0.25,0.0,0.0,157.5,5.5275,1.64725,1.285,217.0,14.5,57.525,1.25,3.0,2,3.05,194.69,,,,3.495891902,0.000714892,336.7317246,
VX-134_11,0.0,0.5,0.0,0.0,0.25,0.0,0.25,0.0,0.0,157.5,5.5275,1.64725,1.285,217.0,14.5,57.525,1.25,3.0,2,3.05,194.69,,,,3.529916674,0.000691557,337.2550266,
VX-134_12,0.0,0.5,0.0,0.0,0.25,0.0,0.25,0.0,0.0,157.5,5.5275,1.64725,1.285,217.0,14.5,57.525,1.25,3.0,2,3.05,194.69,,,,3.454656941,0.00090361,337.0079641,
VX-134_13,0.0,0.5,0.0,0.0,0.25,0.0,0.25,0.0,0.0,157.5,5.5275,1.64725,1.285,217.0,14.5,57.525,1.25,3.0,2,3.05,194.69,,,,3.470623732,0.00066851,335.9532346,
G950RX_1_0,0.6,0.0,0.13,0.07,0.12,0.0,0.0,0.08,0.0,175.8,5.3889,1.50068,1.4412,131.292,10.72,57.52,1.12,3.0,2,1.819,147.252,0.82,9760.5684,3775.8,3.497470323,0.002741454,325.6389858,231.9089894
G950RX_2_0,0.6,0.0,0.13,0.07,0.12,0.0,0.0,0.08,0.0,175.8,5.3889,1.50068,1.4412,131.292,10.72,57.52,1.12,3.0,2,1.819,147.252,0.79,9769.5255,3924.1,3.451231284,0.002530944,325.056662,238.371355
G950RX_3_0,0.6,0.0,0.13,0.07,0.12,0.0,0.0,0.08,0.0,175.8,5.3889,1.50068,1.4412,131.292,10.72,57.52,1.12,3.0,2,1.819,147.252,0.82,9761.8255,3814.9,3.491970909,0.002614123,326.2137489,235.0095183
G950RX_4_0,0.6,0.0,0.13,0.07,0.12,0.0,0.0,0.08,0.0,175.8,5.3889,1.50068,1.4412,131.292,10.72,57.52,1.12,3.0,2,1.819,147.252,0.78,9774.847,3974.6,3.515861437,0.002674929,324.4147859,234.5343212
G950RX_5_0,0.6,0.0,0.13,0.07,0.12,0.0,0.0,0.08,0.0,175.8,5.3889,1.50068,1.4412,131.292,10.72,57.52,1.12,3.0,2,1.819,147.252,0.8,9770.347,3916.4,3.512029074,0.002707738,325.2467679,234.5856959
G950RX_1_1,0.6,0.0,0.13,0.07,0.12,0.0,0.0,0.08,0.0,175.8,5.3889,1.50068,1.4412,131.292,10.72,57.52,1.12,3.0,2,1.819,147.252,0.82,9760.5684,3775.8,3.494582888,0.002878872,325.579882,230.628754
G950RX_2_1,0.6,0.0,0.13,0.07,0.12,0.0,0.0,0.08,0.0,175.8,5.3889,1.50068,1.4412,131.292,10.72,57.52,1.12,3.0,2,1.819,147.252,0.79,9769.5255,3924.1,3.47188177,0.002699367,325.2703369,233.4199977
G950RX_3_1,0.6,0.0,0.13,0.07,0.12,0.0,0.0,0.08,0.0,175.8,5.3889,1.50068,1.4412,131.292,10.72,57.52,1.12,3.0,2,1.819,147.252,0.82,9761.8255,3814.9,3.495647242,0.00270929,324.6080188,236.3136205
G950RX_4_1,0.6,0.0,0.13,0.07,0.12,0.0,0.0,0.08,0.0,175.8,5.3889,1.50068,1.4412,131.292,10.72,57.52,1.12,3.0,2,1.819,147.252,0.78,9774.847,3974.6,3.442862366,0.002683086,325.8462081,236.6440339
G950RX_5_1,0.6,0.0,0.13,0.07,0.12,0.0,0.0,0.08,0.0,175.8,5.3889,1.50068,1.4412,131.292,10.72,57.52,1.12,3.0,2,1.819,147.252,0.8,9770.347,3916.4,3.485674694,0.002770227,325.3189707,234.5184756
E950iRX_0,0.625,0.05,0.164,0.0,0.111,0.05,0.0,0.0,0.0,178.5,5.17328,1.498901,1.427655,140.236,11.022,58.7074,1.214,3.003,2,1.8776,151.20663,,,,3.484516329,0.003048113,338.8317518,230.1867618
E950iRX_1,0.625,0.05,0.164,0.0,0.111,0.05,0.0,0.0,0.0,178.5,5.17328,1.498901,1.427655,140.236,11.022,58.7074,1.214,3.003,2,1.8776,151.20663,,,,3.451292214,0.00296641,337.017058,228.00314
E950iRX_2,0.625,0.05,0.164,0.0,0.111,0.05,0.0,0.0,0.0,178.5,5.17328,1.498901,1.427655,140.236,11.022,58.7074,1.214,3.003,2,1.8776,151.20663,,,,3.441530155,0.003072811,338.3505096,227.444106
E950iRX_3,0.625,0.05,0.164,0.0,0.111,0.05,0.0,0.0,0.0,178.5,5.17328,1.498901,1.427655,140.236,11.022,58.7074,1.214,3.003,2,1.8776,151.20663,,,,3.499538542,0.003016154,339.3802087,232.6689211
E950iRX_4,0.625,0.05,0.164,0.0,0.111,0.05,0.0,0.0,0.0,178.5,5.17328,1.498901,1.427655,140.236,11.022,58.7074,1.214,3.003,2,1.8776,151.20663,,,,3.418390094,0.003019567,337.5361183,235.8595574
E950iRX_5,0.625,0.05,0.164,0.0,0.111,0.05,0.0,0.0,0.0,178.5,5.17328,1.498901,1.427655,140.236,11.022,58.7074,1.214,3.003,2,1.8776,151.20663,,,,3.429554278,0.002829456,337.8994541,227.3477885
E950iRX_6,0.625,0.05,0.164,0.0,0.111,0.05,0.0,0.0,0.0,178.5,5.17328,1.498901,1.427655,140.236,11.022,58.7074,1.214,3.003,2,1.8776,151.20663,,,,3.426786391,0.002984873,337.3315801,227.3221364
E950iRX_7,0.625,0.05,0.164,0.0,0.111,0.05,0.0,0.0,0.0,178.5,5.17328,1.498901,1.427655,140.236,11.022,58.7074,1.214,3.003,2,1.8776,151.20663,,,,3.44900046,0.002879375,337.6514627,228.3750967
E950iRX_8,0.625,0.05,0.164,0.0,0.111,0.05,0.0,0.0,0.0,178.5,5.17328,1.498901,1.427655,140.236,11.022,58.7074,1.214,3.003,2,1.8776,151.20663,,,,3.422227918,0.003084598,337.5540226,234.2736164
E950iRX_9,0.625,0.05,0.164,0.0,0.111,0.05,0.0,0.0,0.0,178.5,5.17328,1.498901,1.427655,140.236,11.022,58.7074,1.214,3.003,2,1.8776,151.20663,,,,3.416595174,0.002820498,337.6928775,231.0092567
E950iRX_10,0.625,0.05,0.164,0.0,0.111,0.05,0.0,0.0,0.0,178.5,5.17328,1.498901,1.427655,140.236,11.022,58.7074,1.214,3.003,2,1.8776,151.20663,,,,3.473858005,0.003013267,338.2633267,231.8656984
E950iRX_11,0.625,0.05,0.164,0.0,0.111,0.05,0.0,0.0,0.0,178.5,5.17328,1.498901,1.427655,140.236,11.022,58.7074,1.214,3.003,2,1.8776,151.20663,,,,3.403730087,0.003010375,338.2322239,233.8968449
E950iRX_12,0.625,0.05,0.164,0.0,0.111,0.05,0.0,0.0,0.0,178.5,5.17328,1.498901,1.427655,140.236,11.022,58.7074,1.214,3.003,2,1.8776,151.20663,,,,3.428145249,0.003047375,338.3553624,231.0356349
E950iRX_13,0.625,0.05,0.164,0.0,0.111,0.05,0.0,0.0,0.0,178.5,5.17328,1.498901,1.427655,140.236,11.022,58.7074,1.214,3.003,2,1.8776,151.20663,,,,3.450605015,0.002986165,338.4118097,230.2395602
C950RX_1_0,0.793,0.2,0.007,0.0,0.0,0.0,0.0,0.0,0.0,174.0,4.44521,1.49635,1.41084,145.708,10.814,57.6197,1.007,3.007,2,1.8628,148.32807,0.82,9763.5615,5303.8,3.473283321,0.001766727,325.493713,179.5709876
C950RX_2_0,0.793,0.2,0.007,0.0,0.0,0.0,0.0,0.0,0.0,174.0,4.44521,1.49635,1.41084,145.708,10.814,57.6197,1.007,3.007,2,1.8628,148.32807,0.81,9761.4175,5237.6,3.50741962,0.001619362,324.2460316,176.3127522
C950RX_3_0,0.793,0.2,0.007,0.0,0.0,0.0,0.0,0.0,0.0,174.0,4.44521,1.49635,1.41084,145.708,10.814,57.6197,1.007,3.007,2,1.8628,148.32807,0.84,9759.383,5276.5,3.458096117,0.001656155,324.443166,178.4152387
C950RX_4_0,0.793,0.2,0.007,0.0,0.0,0.0,0.0,0.0,0.0,174.0,4.44521,1.49635,1.41084,145.708,10.814,57.6197,1.007,3.007,2,1.8628,148.32807,0.82,9762.9324,5308.5,3.454122818,0.001703896,324.9645331,179.140841
C950RX_5_0,0.793,0.2,0.007,0.0,0.0,0.0,0.0,0.0,0.0,174.0,4.44521,1.49635,1.41084,145.708,10.814,57.6197,1.007,3.007,2,1.8628,148.32807,0.83,9760.5768,5252.1,3.431256998,0.001726444,325.9413053,173.7040487
C950RX_1_1,0.793,0.2,0.007,0.0,0.0,0.0,0.0,0.0,0.0,174.0,4.44521,1.49635,1.41084,145.708,10.814,57.6197,1.007,3.007,2,1.8628,148.32807,0.82,9763.5615,5303.8,3.499044954,0.001779778,325.0763409,180.0885507
C950RX_2_1,0.793,0.2,0.007,0.0,0.0,0.0,0.0,0.0,0.0,174.0,4.44521,1.49635,1.41084,145.708,10.814,57.6197,1.007,3.007,2,1.8628,148.32807,0.81,9761.4175,5237.6,3.546518425,0.001759274,325.2084768,175.1214006
C950RX_3_1,0.793,0.2,0.007,0.0,0.0,0.0,0.0,0.0,0.0,174.0,4.44521,1.49635,1.41084,145.708,10.814,57.6197,1.007,3.007,2,1.8628,148.32807,0.84,9759.383,5276.5,3.415791476,0.001780143,324.5925262,173.6143428
C950RX_4_1,0.793,0.2,0.007,0.0,0.0,0.0,0.0,0.0,0.0,174.0,4.44521,1.49635,1.41084,145.708,10.814,57.6197,1.007,3.007,2,1.8628,148.32807,0.82,9762.9324,5308.5,3.501073032,0.00169519,325.2114798,177.8129137
C950RX_5_1,0.793,0.2,0.007,0.0,0.0,0.0,0.0,0.0,0.0,174.0,4.44521,1.49635,1.41084,145.708,10.814,57.6197,1.007,3.007,2,1.8628,148.32807,0.83,9760.5768,5252.1,3.475510085,0.001579426,324.1946131,174.6504133
L950RX_1_0,0.56,0.09,0.175,0.0,0.125,0.05,0.0,0.0,0.0,177.3,5.23065,1.508625,1.415615,145.08,11.26,58.6575,1.225,3.0,2,1.962,154.1904,0.79,9767.7481,3946.1,3.50671259,0.002792138,305.6692768,198.942561
L950RX_2_0,0.56,0.09,0.175,0.0,0.125,0.05,0.0,0.0,0.0,177.3,5.23065,1.508625,1.415615,145.08,11.26,58.6575,1.225,3.0,2,1.962,154.1904,0.81,9765.9894,3914.3,3.466502747,0.002744149,305.5490803,201.1017542
L950RX_3_0,0.56,0.09,0.175,0.0,0.125,0.05,0.0,0.0,0.0,177.3,5.23065,1.508625,1.415615,145.08,11.26,58.6575,1.225,3.0,2,1.962,154.1904,0.79,9769.9694,3961.2,3.442790416,0.002702557,305.7217544,197.9986405
L950RX_4_0,0.56,0.09,0.175,0.0,0.125,0.05,0.0,0.0,0.0,177.3,5.23065,1.508625,1.415615,145.08,11.26,58.6575,1.225,3.0,2,1.962,154.1904,0.79,9766.1894,3931.4,3.546823388,0.002705283,305.0625737,197.7286995
L950RX_5_0,0.56,0.09,0.175,0.0,0.125,0.05,0.0,0.0,0.0,177.3,5.23065,1.508625,1.415615,145.08,11.26,58.6575,1.225,3.0,2,1.962,154.1904,0.79,9766.6084,3952.8,3.524131998,0.002733829,305.2795801,199.255355
L950RX_1_1,0.56,0.09,0.175,0.0,0.125,0.05,0.0,0.0,0.0,177.3,5.23065,1.508625,1.415615,145.08,11.26,58.6575,1.225,3.0,2,1.962,154.1904,0.79,9767.7481,3946.1,3.542524061,0.002658549,304.8895927,201.7244113
L950RX_2_1,0.56,0.09,0.175,0.0,0.125,0.05,0.0,0.0,0.0,177.3,5.23065,1.508625,1.415615,145.08,11.26,58.6575,1.225,3.0,2,1.962,154.1904,0.81,9765.9894,3914.3,3.502393153,0.002685837,304.4587631,201.2911472
L950RX_3_1,0.56,0.09,0.175,0.0,0.125,0.05,0.0,0.0,0.0,177.3,5.23065,1.508625,1.415615,145.08,11.26,58.6575,1.225,3.0,2,1.962,154.1904,0.79,9769.9694,3961.2,3.46115118,0.002488187,304.2728947,200.5191809
L950RX_4_1,0.56,0.09,0.175,0.0,0.125,0.05,0.0,0.0,0.0,177.3,5.23065,1.508625,1.415615,145.08,11.26,58.6575,1.225,3.0,2,1.962,154.1904,0.79,9766.1894,3931.4,3.522375178,0.002550618,305.4645274,200.7666047
L950RX_5_1,0.56,0.09,0.175,0.0,0.125,0.05,0.0,0.0,0.0,177.3,5.23065,1.508625,1.415615,145.08,11.26,58.6575,1.225,3.0,2,1.962,154.1904,0.79,9766.6084,3952.8,3.52034858,0.002855252,305.0617506,197.7759083
VX-112_0,0.02,0.7,0.14,0.0,0.14,0.0,0.0,0.0,0.0,159.0,4.9826,1.61274,1.2682,205.36,13.64,57.514,1.14,3.0,2,2.846,183.816,,,,3.386577611,0.000714095,331.4857944,315.7747325
VX-112_1,0.02,0.7,0.14,0.0,0.14,0.0,0.0,0.0,0.0,159.0,4.9826,1.61274,1.2682,205.36,13.64,57.514,1.14,3.0,2,2.846,183.816,,,,3.344548787,0.000597076,329.6350706,312.2180396
VX-112_2,0.02,0.7,0.14,0.0,0.14,0.0,0.0,0.0,0.0,159.0,4.9826,1.61274,1.2682,205.36,13.64,57.514,1.14,3.0,2,2.846,183.816,,,,3.379716414,0.00068094,331.6150886,315.2211752
VX-112_3,0.02,0.7,0.14,0.0,0.14,0.0,0.0,0.0,0.0,159.0,4.9826,1.61274,1.2682,205.36,13.64,57.514,1.14,3.0,2,2.846,183.816,,,,3.367359459,0.000563292,330.7803442,312.3291572
VX-112_4,0.02,0.7,0.14,0.0,0.14,0.0,0.0,0.0,0.0,159.0,4.9826,1.61274,1.2682,205.36,13.64,57.514,1.14,3.0,2,2.846,183.816,,,,3.412560308,0.000694611,330.9291424,310.661043
VX-112_5,0.02,0.7,0.14,0.0,0.14,0.0,0.0,0.0,0.0,159.0,4.9826,1.61274,1.2682,205.36,13.64,57.514,1.14,3.0,2,2.846,183.816,,,,3.388764252,0.000511046,330.1611207,317.161067
VX-112_6,0.02,0.7,0.14,0.0,0.14,0.0,0.0,0.0,0.0,159.0,4.9826,1.61274,1.2682,205.36,13.64,57.514,1.14,3.0,2,2.846,183.816,,,,3.386076613,0.000686525,330.7028203,313.5417368
VX-112_7,0.02,0.7,0.14,0.0,0.14,0.0,0.0,0.0,0.0,159.0,4.9826,1.61274,1.2682,205.36,13.64,57.514,1.14,3.0,2,2.846,183.816,,,,3.361876406,0.000649278,331.0456191,315.4648508
VX-112_8,0.02,0.7,0.14,0.0,0.14,0.0,0.0,0.0,0.0,159.0,4.9826,1.61274,1.2682,205.36,13.64,57.514,1.14,3.0,2,2.846,183.816,,,,3.408007809,0.000669544,330.6549836,313.4871506
VX-112_9,0.02,0.7,0.14,0.0,0.14,0.0,0.0,0.0,0.0,159.0,4.9826,1.61274,1.2682,205.36,13.64,57.514,1.14,3.0,2,2.846,183.816,,,,3.373822337,0.0006417,329.6285554,312.7305715
VX-112_10,0.02,0.7,0.14,0.0,0.14,0.0,0.0,0.0,0.0,159.0,4.9826,1.61274,1.2682,205.36,13.64,57.514,1.14,3.0,2,2.846,183.816,,,,3.379711965,0.000669645,330.2523671,315.3898118
VX-112_11,0.02,0.7,0.14,0.0,0.14,0.0,0.0,0.0,0.0,159.0,4.9826,1.61274,1.2682,205.36,13.64,57.514,1.14,3.0,2,2.846,183.816,,,,3.417375125,0.000678799,330.7562932,313.4925709
VX-112_12,0.02,0.7,0.14,0.0,0.14,0.0,0.0,0.0,0.0,159.0,4.9826,1.61274,1.2682,205.36,13.64,57.514,1.14,3.0,2,2.846,183.816,,,,3.378689002,0.000765767,331.8242866,315.0632426
VX-112_13,0.02,0.7,0.14,0.0,0.14,0.0,0.0,0.0,0.0,159.0,4.9826,1.61274,1.2682,205.36,13.64,57.514,1.14,3.0,2,2.846,183.816,,,,3.426402317,0.000783143,330.0987701,313.0620483
J950SX_1_0,0.602,0.034,0.182,0.0,0.132,0.05,0.0,0.0,0.0,178.98,5.26852,1.499882,1.428775,139.816,11.078,58.6582,1.232,3.0,2,1.906,151.91974,0.84,9762.7753,3491.9,3.396450214,0.003147501,344.7636065,251.0955206
J950SX_2_0,0.602,0.034,0.182,0.0,0.132,0.05,0.0,0.0,0.0,178.98,5.26852,1.499882,1.428775,139.816,11.078,58.6582,1.232,3.0,2,1.906,151.91974,0.77,9782.5951,3728.0,3.413117338,0.003152556,345.4149859,255.8846376
J950SX_3_0,0.602,0.034,0.182,0.0,0.132,0.05,0.0,0.0,0.0,178.98,5.26852,1.499882,1.428775,139.816,11.078,58.6582,1.232,3.0,2,1.906,151.91974,0.81,9768.1618,3627.2,3.444527616,0.002890708,344.9093298,250.6822245
J950SX_4_0,0.602,0.034,0.182,0.0,0.132,0.05,0.0,0.0,0.0,178.98,5.26852,1.499882,1.428775,139.816,11.078,58.6582,1.232,3.0,2,1.906,151.91974,0.81,9768.796,3555.7,3.448279021,0.003101371,344.4573242,252.8956028
J950SX_5_0,0.602,0.034,0.182,0.0,0.132,0.05,0.0,0.0,0.0,178.98,5.26852,1.499882,1.428775,139.816,11.078,58.6582,1.232,3.0,2,1.906,151.91974,0.77,9779.3943,3651.5,3.478348441,0.003114486,344.9406435,259.2890352
J950SX_1_1,0.602,0.034,0.182,0.0,0.132,0.05,0.0,0.0,0.0,178.98,5.26852,1.499882,1.428775,139.816,11.078,58.6582,1.232,3.0,2,1.906,151.91974,0.84,9762.7753,3491.9,3.358586791,0.003086019,345.2861341,253.4506156
J950SX_2_1,0.602,0.034,0.182,0.0,0.132,0.05,0.0,0.0,0.0,178.98,5.26852,1.499882,1.428775,139.816,11.078,58.6582,1.232,3.0,2,1.906,151.91974,0.77,9782.5951,3728.0,3.412024849,0.002947136,344.8367283,254.7235415
J950SX_3_1,0.602,0.034,0.182,0.0,0.132,0.05,0.0,0.0,0.0,178.98,5.26852,1.499882,1.428775,139.816,11.078,58.6582,1.232,3.0,2,1.906,151.91974,0.81,9768.1618,3627.2,3.382424197,0.003056814,344.1880995,255.3860341
J950SX_4_1,0.602,0.034,0.182,0.0,0.132,0.05,0.0,0.0,0.0,178.98,5.26852,1.499882,1.428775,139.816,11.078,58.6582,1.232,3.0,2,1.906,151.91974,0.81,9768.796,3555.7,3.426627155,0.002987671,345.9893468,255.0085389
J950SX_5_1,0.602,0.034,0.182,0.0,0.132,0.05,0.0,0.0,0.0,178.98,5.26852,1.499882,1.428775,139.816,11.078,58.6582,1.232,3.0,2,1.906,151.91974,0.77,9779.3943,3651.5,3.439406501,0.003184794,343.7105859,253.0803059
VX-200_0,0.0,0.6,0.2,0.0,0.15,0.0,0.0,0.05,0.0,162.0,5.2845,1.60775,1.291,194.495,13.3,57.52,1.15,3.0,2,2.71,179.571,,,,3.505320233,0.000764224,310.4441803,259.6653294
VX-200_1,0.0,0.6,0.2,0.0,0.15,0.0,0.0,0.05,0.0,162.0,5.2845,1.60775,1.291,194.495,13.3,57.52,1.15,3.0,2,2.71,179.571,,,,3.526386317,0.000723735,310.7491398,259.0856402
VX-200_2,0.0,0.6,0.2,0.0,0.15,0.0,0.0,0.05,0.0,162.0,5.2845,1.60775,1.291,194.495,13.3,57.52,1.15,3.0,2,2.71,179.571,,,,3.49798004,0.000617193,310.9025347,259.6161343
VX-200_3,0.0,0.6,0.2,0.0,0.15,0.0,0.0,0.05,0.0,162.0,5.2845,1.60775,1.291,194.495,13.3,57.52,1.15,3.0,2,2.71,179.571,,,,3.502901815,0.000645501,309.8684423,256.5236825
VX-200_4,0.0,0.6,0.2,0.0,0.15,0.0,0.0,0.05,0.0,162.0,5.2845,1.60775,1.291,194.495,13.3,57.52,1.15,3.0,2,2.71,179.571,,,,3.555118411,0.000600026,309.9823625,255.9864685
VX-200_5,0.0,0.6,0.2,0.0,0.15,0.0,0.0,0.05,0.0,162.0,5.2845,1.60775,1.291,194.495,13.3,57.52,1.15,3.0,2,2.71,179.571,,,,3.471922001,0.00079005,309.5371402,260.7158205
VX-200_6,0.0,0.6,0.2,0.0,0.15,0.0,0.0,0.05,0.0,162.0,5.2845,1.60775,1.291,194.495,13.3,57.52,1.15,3.0,2,2.71,179.571,,,,3.541847703,0.000683941,309.6690983,256.5692668
VX-200_7,0.0,0.6,0.2,0.0,0.15,0.0,0.0,0.05,0.0,162.0,5.2845,1.60775,1.291,194.495,13.3,57.52,1.15,3.0,2,2.71,179.571,,,,3.563793024,0.000753478,309.9654762,258.8387127
VX-200_8,0.0,0.6,0.2,0.0,0.15,0.0,0.0,0.05,0.0,162.0,5.2845,1.60775,1.291,194.495,13.3,57.52,1.15,3.0,2,2.71,179.571,,,,3.519850238,0.000449811,310.9884302,256.933594
VX-200_9,0.0,0.6,0.2,0.0,0.15,0.0,0.0,0.05,0.0,162.0,5.2845,1.60775,1.291,194.495,13.3,57.52,1.15,3.0,2,2.71,179.571,,,,3.52916968,0.000660987,311.2611999,257.9459025
VX-200_10,0.0,0.6,0.2,0.0,0.15,0.0,0.0,0.05,0.0,162.0,5.2845,1.60775,1.291,194.495,13.3,57.52,1.15,3.0,2,2.71,179.571,,,,3.5215269,0.000636891,310.2350152,259.5731694
VX-200_11,0.0,0.6,0.2,0.0,0.15,0.0,0.0,0.05,0.0,162.0,5.2845,1.60775,1.291,194.495,13.3,57.52,1.15,3.0,2,2.71,179.571,,,,3.543501218,0.000682144,311.4463601,257.2711615
VX-200_12,0.0,0.6,0.2,0.0,0.15,0.0,0.0,0.05,0.0,162.0,5.2845,1.60775,1.291,194.495,13.3,57.52,1.15,3.0,2,2.71,179.571,,,,3.523887965,0.000496551,309.702332,256.8393767
VX-200_13,0.0,0.6,0.2,0.0,0.15,0.0,0.0,0.05,0.0,162.0,5.2845,1.60775,1.291,194.495,13.3,57.52,1.15,3.0,2,2.71,179.571,,,,3.563299515,0.000599007,310.757904,257.2588277
ZE5000_1_0,0.428,0.0,0.086,0.0,0.0,0.0,0.2,0.286,0.0,174.0,5.9174,1.563092,1.43828,137.5354,10.8,57.5286,1.0,3.0,2,1.5884,148.132,0.83,9778.492,5627.6,3.305719761,0.001597647,320.2784175,274.9556371
ZE5000_2_0,0.428,0.0,0.086,0.0,0.0,0.0,0.2,0.286,0.0,174.0,5.9174,1.563092,1.43828,137.5354,10.8,57.5286,1.0,3.0,2,1.5884,148.132,0.79,9785.6206,6082.7,3.273729525,0.001354863,320.380833,278.0849262
ZE5000_3_0,0.428,0.0,0.086,0.0,0.0,0.0,0.2,0.286,0.0,174.0,5.9174,1.563092,1.43828,137.5354,10.8,57.5286,1.0,3.0,2,1.5884,148.132,0.8,9782.6206,5702.3,3.288954556,0.001619801,320.0643503,275.3685674
ZE5000_4_0,0.428,0.0,0.086,0.0,0.0,0.0,0.2,0.286,0.0,174.0,5.9174,1.563092,1.43828,137.5354,10.8,57.5286,1.0,3.0,2,1.5884,148.132,0.8,9784.4,6287.2,3.328757862,0.001396879,319.406962,279.0524903
ZE5000_5_0,0.428,0.0,0.086,0.0,0.0,0.0,0.2,0.286,0.0,174.0,5.9174,1.563092,1.43828,137.5354,10.8,57.5286,1.0,3.0,2,1.5884,148.132,0.81,9776.46,6092.3,3.355665364,0.001254881,320.3881314,277.2422653
ZE5000_1_1,0.428,0.0,0.086,0.0,0.0,0.0,0.2,0.286,0.0,174.0,5.9174,1.563092,1.43828,137.5354,10.8,57.5286,1.0,3.0,2,1.5884,148.132,0.83,9778.492,5627.6,3.257073053,0.001696191,318.8957696,279.5047434
ZE5000_2_1,0.428,0.0,0.086,0.0,0.0,0.0,0.2,0.286,0.0,174.0,5.9174,1.563092,1.43828,137.5354,10.8,57.5286,1.0,3.0,2,1.5884,148.132,0.79,9785.6206,6082.7,3.305562521,0.001417886,318.6226418,279.8394828
ZE5000_3_1,0.428,0.0,0.086,0.0,0.0,0.0,0.2,0.286,0.0,174.0,5.9174,1.563092,1.43828,137.5354,10.8,57.5286,1.0,3.0,2,1.5884,148.132,0.8,9782.6206,5702.3,3.348359523,0.001474753,321.3428156,278.2633558
ZE5000_4_1,0.428,0.0,0.086,0.0,0.0,0.0,0.2,0.286,0.0,174.0,5.9174,1.563092,1.43828,137.5354,10.8,57.5286,1.0,3.0,2,1.5884,148.132,0.8,9784.4,6287.2,3.361489601,0.001432902,320.4152031,283.7999103
ZE5000_5_1,0.428,0.0,0.086,0.0,0.0,0.0,0.2,0.286,0.0,174.0,5.9174,1.563092,1.43828,137.5354,10.8,57.5286,1.0,3.0,2,1.5884,148.132,0.81,9776.46,6092.3,3.34124613,0.001311428,319.7828369,274.8537833
VX-131_0,0.24,0.76,0.0,0.0,0.0,0.0,0.0,0.0,0.0,157.2,4.3736,1.5968,1.27,202.52,13.04,57.5,1.0,3.0,2,2.588,176.1656,,,,3.444917339,0.00098317,330.6653696,208.5071215
VX-131_1,0.24,0.76,0.0,0.0,0.0,0.0,0.0,0.0,0.0,157.2,4.3736,1.5968,1.27,202.52,13.04,57.5,1.0,3.0,2,2.588,176.1656,,,,3.452576206,0.000819968,331.3613914,208.6176597
VX-131_2,0.24,0.76,0.0,0.0,0.0,0.0,0.0,0.0,0.0,157.2,4.3736,1.5968,1.27,202.52,13.04,57.5,1.0,3.0,2,2.588,176.1656,,,,3.391282713,0.000978512,330.4768925,208.842544
VX-131_3,0.24,0.76,0.0,0.0,0.0,0.0,0.0,0.0,0.0,157.2,4.3736,1.5968,1.27,202.52,13.04,57.5,1.0,3.0,2,2.588,176.1656,,,,3.427152106,0.000890677,331.0198811,206.089894
VX-131_4,0.24,0.76,0.0,0.0,0.0,0.0,0.0,0.0,0.0,157.2,4.3736,1.5968,1.27,202.52,13.04,57.5,1.0,3.0,2,2.588,176.1656,,,,3.361609263,0.000985936,332.2177352,206.6737533
VX-131_5,0.24,0.76,0.0,0.0,0.0,0.0,0.0,0.0,0.0,157.2,4.3736,1.5968,1.27,202.52,13.04,57.5,1.0,3.0,2,2.588,176.1656,,,,3.417144429,0.00106353,330.8639797,209.7925481
VX-131_6,0.24,0.76,0.0,0.0,0.0,0.0,0.0,0.0,0.0,157.2,4.3736,1.5968,1.27,202.52,13.04,57.5,1.0,3.0,2,2.588,176.1656,,,,3.453184421,0.000927173,329.8697085,206.8174437
VX-131_7,0.24,0.76,0.0,0.0,0.0,0.0,0.0,0.0,0.0,157.2,4.3736,1.5968,1.27,202.52,13.04,57.5,1.0,3.0,2,2.588,176.1656,,,,3.410081965,0.001144201,331.0586494,204.3697294
VX-131_8,0.24,0.76,0.0,0.0,0.0,0.0,0.0,0.0,0.0,157.2,4.3736,1.5968,1.27,202.52,13.04,57.5,1.0,3.0,2,2.588,176.1656,,,,3.413039422,0.001028167,331.1727841,211.3022851
VX-131_9,0.24,0.76,0.0,0.0,0.0,0.0,0.0,0.0,0.0,157.2,4.3736,1.5968,1.27,202.52,13.04,57.5,1.0,3.0,2,2.588,176.1656,,,,3.386371255,0.000945171,330.4543341,208.3726969
VX-131_10,0.24,0.76,0.0,0.0,0.0,0.0,0.0,0.0,0.0,157.2,4.3736,1.5968,1.27,202.52,13.04,57.5,1.0,3.0,2,2.588,176.1656,,,,3.389309056,0.000904372,331.594719,210.3639377
VX-131_11,0.24,0.76,0.0,0.0,0.0,0.0,0.0,0.0,0.0,157.2,4.3736,1.5968,1.27,202.52,13.04,57.5,1.0,3.0,2,2.588,176.1656,,,,3.39829462,0.001082027,330.8625542,211.7591624
VX-131_12,0.24,0.76,0.0,0.0,0.0,0.0,0.0,0.0,0.0,157.2,4.3736,1.5968,1.27,202.52,13.04,57.5,1.0,3.0,2,2.588,176.1656,,,,3.41513121,0.001081932,330.5381299,204.5072686
VX-131_13,0.24,0.76,0.0,0.0,0.0,0.0,0.0,0.0,0.0,157.2,4.3736,1.5968,1.27,202.52,13.04,57.5,1.0,3.0,2,2.588,176.1656,,,,3.434300528,0.001019165,329.8828058,207.878916
B950RX_0,0.0,0.6,0.2,0.0,0.0,0.2,0.0,0.0,0.0,162.0,5.304,1.6022,1.28246,197.8,13.0,62.08,1.4,3.0,2,2.16,176.366,,,,3.599965625,0.002482955,279.6734917,204.145162
B950RX_1,0.0,0.6,0.2,0.0,0.0,0.2,0.0,0.0,0.0,162.0,5.304,1.6022,1.28246,197.8,13.0,62.08,1.4,3.0,2,2.16,176.366,,,,3.60670305,0.002573985,280.1202592,199.440679
B950RX_2,0.0,0.6,0.2,0.0,0.0,0.2,0.0,0.0,0.0,162.0,5.304,1.6022,1.28246,197.8,13.0,62.08,1.4,3.0,2,2.16,176.366,,,,3.653287514,0.002426902,280.6213076,198.9606828
B950RX_3,0.0,0.6,0.2,0.0,0.0,0.2,0.0,0.0,0.0,162.0,5.304,1.6022,1.28246,197.8,13.0,62.08,1.4,3.0,2,2.16,176.366,,,,3.600810957,0.002573089,279.8016481,199.9789983
B950RX_4,0.0,0.6,0.2,0.0,0.0,0.2,0.0,0.0,0.0,162.0,5.304,1.6022,1.28246,197.8,13.0,62.08,1.4,3.0,2,2.16,176.366,,,,3.603310993,0.002650498,280.1975901,199.8212966
B950RX_5,0.0,0.6,0.2,0.0,0.0,0.2,0.0,0.0,0.0,162.0,5.304,1.6022,1.28246,197.8,13.0,62.08,1.4,3.0,2,2.16,176.366,,,,3.684495762,0.002610805,278.636635,199.5606626
B950RX_6,0.0,0.6,0.2,0.0,0.0,0.2,0.0,0.0,0.0,162.0,5.304,1.6022,1.28246,197.8,13.0,62.08,1.4,3.0,2,2.16,176.366,,,,3.57212592,0.00256197,278.9056863,198.2445175
B950RX_7,0.0,0.6,0.2,0.0,0.0,0.2,0.0,0.0,0.0,162.0,5.304,1.6022,1.28246,197.8,13.0,62.08,1.4,3.0,2,2.16,176.366,,,,3.648987038,0.002502304,281.5899803,200.7770992
B950RX_8,0.0,0.6,0.2,0.0,0.0,0.2,0.0,0.0,0.0,162.0,5.304,1.6022,1.28246,197.8,13.0,62.08,1.4,3.0,2,2.16,176.366,,,,3.635349843,0.002411708,280.2441502,200.5612986
B950RX_9,0.0,0.6,0.2,0.0,0.0,0.2,0.0,0.0,0.0,162.0,5.304,1.6022,1.28246,197.8,13.0,62.08,1.4,3.0,2,2.16,176.366,,,,3.615219715,0.002606265,280.009183,199.3505525
B950RX_10,0.0,0.6,0.2,0.0,0.0,0.2,0.0,0.0,0.0,162.0,5.304,1.6022,1.28246,197.8,13.0,62.08,1.4,3.0,2,2.16,176.366,,,,3.612749157,0.002459858,278.9570227,200.6120074
B950RX_11,0.0,0.6,0.2,0.0,0.0,0.2,0.0,0.0,0.0,162.0,5.304,1.6022,1.28246,197.8,13.0,62.08,1.4,3.0,2,2.16,176.366,,,,3.615981446,0.002627301,280.3502641,201.010883
B950RX_12,0.0,0.6,0.2,0.0,0.0,0.2,0.0,0.0,0.0,162.0,5.304,1.6022,1.28246,197.8,13.0,62.08,1.4,3.0,2,2.16,176.366,,,,3.640063969,0.002669548,279.1235774,198.3232538
B950RX_13,0.0,0.6,0.2,0.0,0.0,0.2,0.0,0.0,0.0,162.0,5.304,1.6022,1.28246,197.8,13.0,62.08,1.4,3.0,2,2.16,176.366,,,,3.642763972,0.002651289,279.4573641,200.2111376
VX-135_0,0.22,0.78,0.0,0.0,0.0,0.0,0.0,0.0,0.0,156.6,4.3708,1.6004,1.265,204.56,13.12,57.5,1.0,3.0,2,2.614,177.1668,,,,3.484544557,0.00105663,332.3440543,
VX-135_1,0.22,0.78,0.0,0.0,0.0,0.0,0.0,0.0,0.0,156.6,4.3708,1.6004,1.265,204.56,13.12,57.5,1.0,3.0,2,2.614,177.1668,,,,3.426450792,0.001061008,331.1889037,
VX-135_2,0.22,0.78,0.0,0.0,0.0,0.0,0.0,0.0,0.0,156.6,4.3708,1.6004,1.265,204.56,13.12,57.5,1.0,3.0,2,2.614,177.1668,,,,3.496418043,0.00115924,331.5754806,
VX-135_3,0.22,0.78,0.0,0.0,0.0,0.0,0.0,0.0,0.0,156.6,4.3708,1.6004,1.265,204.56,13.12,57.5,1.0,3.0,2,2.614,177.1668,,,,3.441484885,0.001056122,332.284189,
VX-135_4,0.22,0.78,0.0,0.0,0.0,0.0,0.0,0.0,0.0,156.6,4.3708,1.6004,1.265,204.56,13.12,57.5,1.0,3.0,2,2.614,177.1668,,,,3.442904736,0.001127234,331.245161,
VX-135_5,0.22,0.78,0.0,0.0,0.0,0.0,0.0,0.0,0.0,156.6,4.3708,1.6004,1.265,204.56,13.12,57.5,1.0,3.0,2,2.614,177.1668,,,,3.45127376,0.000888558,332.3410212,
VX-135_6,0.22,0.78,0.0,0.0,0.0,0.0,0.0,0.0,0.0,156.6,4.3708,1.6004,1.265,204.56,13.12,57.5,1.0,3.0,2,2.614,177.1668,,,,3.434868824,0.001032043,331.809456,
VX-135_7,0.22,0.78,0.0,0.0,0.0,0.0,0.0,0.0,0.0,156.6,4.3708,1.6004,1.265,204.56,13.12,57.5,1.0,3.0,2,2.614,177.1668,,,,3.461384227,0.001235976,331.9568318,
VX-135_8,0.22,0.78,0.0,0.0,0.0,0.0,0.0,0.0,0.0,156.6,4.3708,1.6004,1.265,204.56,13.12,57.5,1.0,3.0,2,2.614,177.1668,,,,3.441802585,0.001065391,332.2192708,
VX-135_9,0.22,0.78,0.0,0.0,0.0,0.0,0.0,0.0,0.0,156.6,4.3708,1.6004,1.265,204.56,13.12,57.5,1.0,3.0,2,2.614,177.1668,,,,3.43385246,0.001066923,331.6342303,
VX-135_10,0.22,0.78,0.0,0.0,0.0,0.0,0.0,0.0,0.0,156.6,4.3708,1.6004,1.265,204.56,13.12,57.5,1.0,3.0,2,2.614,177.1668,,,,3.462393061,0.001032266,332.4861268,
VX-135_11,0.22,0.78,0.0,0.0,0.0,0.0,0.0,0.0,0.0,156.6,4.3708,1.6004,1.265,204.56,13.12,57.5,1.0,3.0,2,2.614,177.1668,,,,3.438906207,0.001176848,332.7332643,
VX-135_12,0.22,0.78,0.0,0.0,0.0,0.0,0.0,0.0,0.0,156.6,4.3708,1.6004,1.265,204.56,13.12,57.5,1.0,3.0,2,2.614,177.1668,,,,3.443525452,0.00113636,332.2811858,
VX-135_13,0.22,0.78,0.0,0.0,0.0,0.0,0.0,0.0,0.0,156.6,4.3708,1.6004,1.265,204.56,13.12,57.5,1.0,3.0,2,2.614,177.1668,,,,3.425030622,0.001197028,331.121016,
